StateName;Name;LastName;Dni;Phone;Address;BirthDate;Email;Password;GenreName
Buenos Aires;Isaias;Lucena;63142191;+54 9 14-4193-4616;Ronda de Quirino Suarez 16, Buenos Aires, Argentina;26/04/1972;isaias.lucena@gmail.com;,Lucena26;Male
Tucumán;Susana;Segura;34079113;+54 9 13-4929-6761;Rambla Pilar Nuñez 216, San Miguel de Tucumán, Argentina;25/04/1972;susana.segura@gmail.com;_Segura25;Female
Córdoba;Cintia;Diaz;91561184;+54 9 20-5624-9452;Calle Rivadavia 456, Córdoba, Argentina;3/01/1986;cintia.diaz@gmail.com;]Diaz03;Female
Córdoba;Irma;Campo;78322155;+54 9 15-6016-4939;Calle Rivadavia 456, Córdoba, Argentina;20/08/1950;irma.campo@gmail.com;#Campo20;Female
Neuquén;Hector;Uriarte;65513184;+54 9 21-4623-4951;Plaza de Haroldo Gutiérrez 473, Neuquén, Argentina;25/03/1990;hector.uriarte@gmail.com;?Uriarte25;Male
Jujuy;Édgar;Ballesteros;43047423;+54 9 23-6498-7709;Glorieta Elpidio Garay 608, San Salvador de Jujuy, Argentina;26/05/1988;édgar.ballesteros@gmail.com;|Ballesteros26;Male
Mendoza;Maricela;Exposito;30831881;+54 9 14-4097-1340;Plaza de Inmaculada Vélez 820, Mendoza, Argentina;25/01/1987;maricela.exposito@gmail.com;|Exposito25;Female
San Juan;Odalis;Bernal;16463172;+54 9 21-4586-5917;Glorieta de María Manuela Sanmiguel 52, San Juan, Argentina;18/06/1998;odalis.bernal@gmail.com;)Bernal18;Female
Neuquén;Feliciano;Vizcaino;29957112;+54 9 15-6961-5039;C. Porfirio Jordán 714, Neuquén, Argentina;13/06/1950;feliciano.vizcaino@gmail.com;^Vizcaino13;Male
Santa Fe;Tamara;Ramos;92187771;+54 9 11-4509-1872;Cañada Hernando Calderón 750, Santa Fe, Argentina;12/01/1994;tamara.ramos@gmail.com;}Ramos12;Female
Córdoba;Prudencia;Mateu;95804596;+54 9 16-6298-4632;Callejón de Joaquín Sandoval 452, Córdoba, Argentina;12/11/1972;prudencia.mateu@gmail.com;_Mateu12;Female
Salta;Anna;Nicolas;80612096;+54 9 16-4783-7923;Alameda María Alcolea 442, Salta, Argentina;30/12/1985;anna.nicolas@gmail.com;&Nicolas30;Female
Santiago del Estero;Dalila;Manjon;78902125;+54 9 11-5948-4909;Plaza de Régulo Soriano 81, Santiago del Estero, Argentina;9/08/1964;dalila.manjon@gmail.com;@Manjon09;Female
San Juan;Melchor;Otero;80795648;+54 9 13-6022-8168;Ronda Conrado Vázquez 653, San Juan, Argentina;23/05/1986;melchor.otero@gmail.com;&Otero23;Male
Córdoba;German;Manuel;77819478;+54 9 21-6260-9492;Calle Rivadavia 456, Córdoba, Argentina;7/09/1975;german.manuel@gmail.com;|Manuel07;Male
Salta;Hipolito;Tejera;34279187;+54 9 17-4729-5907;Avenida Corona Campos 818, Salta, Argentina;22/12/1992;hipolito.tejera@gmail.com;(Tejera22;Male
Mendoza;Florentino;Pont;27535287;+54 9 15-4952-1262;Rambla Isidro Blanca 188, Mendoza, Argentina;18/10/1961;florentino.pont@gmail.com;+Pont18;Male
Mendoza;Nilo;Riquelme;87792234;+54 9 11-6822-3587;San Martín 789, Mendoza, Argentina;24/12/1997;nilo.riquelme@gmail.com;&Riquelme24;Male
Córdoba;Maria Carmen;Sainz;15319937;+54 9 11-6198-2083;Acceso Macarena Vara 519, Córdoba, Argentina;9/03/1989;mariacarmen.sainz@gmail.com;*Sainz09;Female
Santiago del Estero;Enrique;Fuentes;16569057;+54 9 15-6543-7269;Alameda Marcio Quevedo 621, Santiago del Estero, Argentina;1/11/1999;enrique.fuentes@gmail.com;:Fuentes01;Male
Corrientes;Eusebia;Lopez;33747843;+54 9 17-6735-7266;Camino Galo Vilalta 273, Corrientes, Argentina;8/02/1967;eusebia.lopez@gmail.com;";Lopez08";Female
Córdoba;Jafet;Agusti;43975686;+54 9 22-5011-2013;Pasaje Melania Mayo 721, Córdoba, Argentina;4/10/1956;jafet.agusti@gmail.com;^Agusti04;Male
Neuquén;Azeneth;Bernad;60791820;+54 9 19-5030-7418;Cuesta Ramiro Ochoa 679, Neuquén, Argentina;2/06/1977;azeneth.bernad@gmail.com;@Bernad02;Male
Santiago del Estero;Ainoa;Zorrilla;56699317;+54 9 11-5707-7361;Ronda Borja Dueñas 754, Santiago del Estero, Argentina;19/11/1966;ainoa.zorrilla@gmail.com;.Zorrilla19;Female
Salta;Encarnacion;Mena;63303037;+54 9 22-6187-9618;Plaza Zoraida Arias 485, Salta, Argentina;8/03/1997;encarnacion.mena@gmail.com;)Mena08;Female
Salta;Santiago;Duque;51215998;+54 9 19-5454-7008;Via Cayetano Acuña 460, Salta, Argentina;13/12/1950;santiago.duque@gmail.com;`Duque13;Male
Neuquén;Eva Maria;Valentin;92431707;+54 9 19-5953-5466;Pasaje de Elisabet Folch 561, Neuquén, Argentina;21/01/1985;evamaria.valentin@gmail.com;|Valentin21;Female
Mendoza;Victoriano;Cabeza;55712318;+54 9 11-6473-9176;Cuesta de Andrés Palomar 835, Mendoza, Argentina;8/07/1977;victoriano.cabeza@gmail.com;:Cabeza08;Male
Neuquén;Olegario;Collado;66504808;+54 9 12-6581-5207;Callejón León Solera 949, Neuquén, Argentina;26/10/1996;olegario.collado@gmail.com;/Collado26;Male
Mendoza;Nando;Pozuelo;73325376;+54 9 15-5179-4567;San Martín 789, Mendoza, Argentina;14/07/1958;nando.pozuelo@gmail.com;*Pozuelo14;Male
Santa Fe;Íngrid;Coca;34305475;+54 9 23-4073-1666;Callejón de Chus Jiménez 829, Santa Fe, Argentina;27/12/1970;íngrid.coca@gmail.com;/Coca27;Female
Buenos Aires;Maria Cristina;Galvan;49816314;+54 9 16-4855-4631;Vial de Emilio Almagro 730, Buenos Aires, Argentina;8/08/1961;mariacristina.galvan@gmail.com;#Galvan08;Female
Mendoza;Dorotea;Jover;59510323;+54 9 17-6360-8979;Cañada Lucía Lobato 591, Mendoza, Argentina;25/07/1986;dorotea.jover@gmail.com;?Jover25;Female
Salta;Rafaela;Velazquez;22366267;+54 9 19-6951-1729;Cuesta Fidela España 468, Salta, Argentina;28/12/1965;rafaela.velazquez@gmail.com;{Velazquez28;Female
Mendoza;Cayetano;Fonseca;21962400;+54 9 11-5671-5061;San Martín 789, Mendoza, Argentina;4/11/1997;cayetano.fonseca@gmail.com;^Fonseca04;Male
Córdoba;Teodoro;Canals;35452783;+54 9 11-4266-6479;C. Evaristo Zaragoza 660, Córdoba, Argentina;31/08/1969;teodoro.canals@gmail.com;!Canals31;Male
Buenos Aires;Cayetana;Agudo;77805924;+54 9 18-4243-7226;Via Gerónimo Llano 959, Buenos Aires, Argentina;7/12/1975;cayetana.agudo@gmail.com;]Agudo07;Female
Neuquén;Jonatan;Llopis;80336445;+54 9 15-6441-1460;Alameda de Lorena Pedrosa 628, Neuquén, Argentina;12/12/1956;jonatan.llopis@gmail.com;/Llopis12;Male
Mendoza;Fito;Castrillo;94007606;+54 9 23-6592-6695;San Martín 789, Mendoza, Argentina;28/06/1993;fito.castrillo@gmail.com;)Castrillo28;Male
Buenos Aires;Lorena;Menendez;46263702;+54 9 11-4511-5858;Acceso Olalla Grande 567, Buenos Aires, Argentina;21/12/1971;lorena.menendez@gmail.com;#Menendez21;Female
Jujuy;Chuy;Larranaga;39788013;+54 9 15-4249-7155;C. Macaria Tomas 715, San Salvador de Jujuy, Argentina;31/07/1960;chuy.larranaga@gmail.com;{Larranaga31;Male
Santiago del Estero;Artemio;Barco;36610421;+54 9 21-6159-2879;Rambla Ciriaco Valdés 634, Santiago del Estero, Argentina;27/08/1974;artemio.barco@gmail.com;?Barco27;Male
Jujuy;Narciso;Mercader;84757397;+54 9 20-4357-9102;Plaza de Florencia Prada 207, San Salvador de Jujuy, Argentina;13/11/1992;narciso.mercader@gmail.com;_Mercader13;Male
San Juan;Jordan;Maestre;54495312;+54 9 20-5312-9068;Alameda de Cayetana Molina 441, San Juan, Argentina;15/04/1953;jordan.maestre@gmail.com;+Maestre15;Male
Mendoza;Águeda;Agusti;59151823;+54 9 12-4433-3653;Acceso de Cándido Navas 576, Mendoza, Argentina;18/03/1972;águeda.agusti@gmail.com;%Agusti18;Female
Neuquén;Adelaida;Colomer;52714739;+54 9 20-6502-4041;Cuesta Edelmiro Alegria 295, Neuquén, Argentina;31/12/1975;adelaida.colomer@gmail.com;(Colomer31;Female
Córdoba;Juan Francisco;Giron;78110776;+54 9 21-4797-1860;Calle Rivadavia 456, Córdoba, Argentina;14/05/1969;juanfrancisco.giron@gmail.com;#Giron14;Male
Santa Fe;Emiliano;Cornejo;19638829;+54 9 11-4460-7043;Glorieta de René Villa 228, Santa Fe, Argentina;7/10/1971;emiliano.cornejo@gmail.com;{Cornejo07;Male
Tucumán;Purificacion;Sanmiguel;62629719;+54 9 23-6591-7910;Alameda de Cornelio Ballester 51, San Miguel de Tucumán, Argentina;27/04/1969;purificacion.sanmiguel@gmail.com;*Sanmiguel27;Male
Corrientes;Carlota;Otero;13958040;+54 9 21-4261-6584;Rambla de Alejo Aguilar 263, Corrientes, Argentina;2/07/1971;carlota.otero@gmail.com;#Otero02;Female
Mendoza;Nayara;Codina;19785703;+54 9 11-6871-1901;Camino Amador Rosa 871, Mendoza, Argentina;27/09/1951;nayara.codina@gmail.com;%Codina27;Female
Tucumán;Ana Sofia;Pedraza;76824841;+54 9 17-4709-5707;Via de Patricia Yáñez 191, San Miguel de Tucumán, Argentina;5/07/1999;anasofia.pedraza@gmail.com;@Pedraza05;Female
Buenos Aires;Cloe;Giner;17719819;+54 9 12-4835-3786;Glorieta de Elena Cerro 122, Buenos Aires, Argentina;24/10/1986;cloe.giner@gmail.com;(Giner24;Female
Buenos Aires;Odalis;Amo;55868776;+54 9 21-5922-9398;Av. Corrientes 1234, Buenos Aires, Argentina;29/02/1996;odalis.amo@gmail.com;&Amo29;Female
Mendoza;Maria Dolores;Santamaria;14608297;+54 9 18-6123-7972;San Martín 789, Mendoza, Argentina;16/11/1994;mariadolores.santamaria@gmail.com;?Santamaria16;Female
Santa Fe;Concha;Duran;27766876;+54 9 11-6669-7274;Pasadizo Curro Quevedo 98, Santa Fe, Argentina;17/08/1972;concha.duran@gmail.com;.Duran17;Female
Santiago del Estero;Ainara;Diego;81968470;+54 9 22-6225-6907;Ronda de Basilio Palacios 974, Santiago del Estero, Argentina;29/09/1984;ainara.diego@gmail.com;]Diego29;Female
Córdoba;Sabina;Sala;38103173;+54 9 21-4223-7011;Calle Rivadavia 456, Córdoba, Argentina;8/05/1972;sabina.sala@gmail.com;$Sala08;Female
Córdoba;Galo;Trillo;18989519;+54 9 14-6568-4390;Callejón Vito Esteban 332, Córdoba, Argentina;26/04/1962;galo.trillo@gmail.com;{Trillo26;Male
Neuquén;Gabino;Garcia;22480419;+54 9 14-6656-6478;Ronda de Casandra Rozas 792, Neuquén, Argentina;13/09/1983;gabino.garcia@gmail.com;$Garcia13;Male
Mendoza;Reynaldo;Diez;88553090;+54 9 23-4142-8543;San Martín 789, Mendoza, Argentina;6/11/1976;reynaldo.diez@gmail.com;^Diez06;Male
Buenos Aires;Eladio;Vazquez;58697720;+54 9 20-4846-3245;Pasadizo de Efraín Colom 303, Buenos Aires, Argentina;13/07/1995;eladio.vazquez@gmail.com;?Vazquez13;Male
Mendoza;Tamara;Salazar;98379613;+54 9 15-6099-3179;Calle de Nicolasa Riba 247, Mendoza, Argentina;29/11/1973;tamara.salazar@gmail.com;)Salazar29;Female
Santa Fe;Rene;Arias;49408881;+54 9 23-5465-8833;Callejón de Hipólito Somoza 715, Santa Fe, Argentina;28/09/1965;rene.arias@gmail.com;&Arias28;Male
Buenos Aires;Isidora;Morera;13212766;+54 9 11-4341-1243;Paseo de Pili Raya 579, Buenos Aires, Argentina;15/02/1988;isidora.morera@gmail.com;>Morera15;Female
Córdoba;Dani;Alfaro;59587262;+54 9 22-6889-8641;Cañada de Amaya Espejo 743, Córdoba, Argentina;10/07/1966;dani.alfaro@gmail.com;>Alfaro10;Male
Corrientes;Jose Antonio;Moran;98485366;+54 9 12-6828-8574;Urbanización de Marcos Tejedor 631, Corrientes, Argentina;3/06/1987;joseantonio.moran@gmail.com;{Moran03;Male
Corrientes;Adelia;Roma;82743330;+54 9 17-5362-5667;Calle de Severiano Acuña 669, Corrientes, Argentina;14/03/1993;adelia.roma@gmail.com;`Roma14;Female
Córdoba;Teofila;Ferrera;99181262;+54 9 11-5988-4797;Cañada Lupita Lozano 325, Córdoba, Argentina;18/08/1971;teofila.ferrera@gmail.com;.Ferrera18;Female
Mendoza;Leonardo;Fabregas;31534705;+54 9 12-5549-8727;San Martín 789, Mendoza, Argentina;14/02/1961;leonardo.fabregas@gmail.com;?Fabregas14;Male
Corrientes;Judith;Terron;44422701;+54 9 22-6396-7957;Plaza de Elisa Manzano 59, Corrientes, Argentina;7/12/1981;judith.terron@gmail.com;,Terron07;Female
Corrientes;Ernesto;Dieguez;52751491;+54 9 23-5165-2223;Avenida de Heriberto Maestre 221, Corrientes, Argentina;15/11/1961;ernesto.dieguez@gmail.com;}Dieguez15;Male
Santiago del Estero;Josefa;Arregui;94412871;+54 9 22-6757-5123;Cuesta Baltasar Julián 279, Santiago del Estero, Argentina;3/07/1992;josefa.arregui@gmail.com;^Arregui03;Female
San Juan;Amaro;Riquelme;28444939;+54 9 17-4209-1158;Via de Ciríaco Mateu 843, San Juan, Argentina;20/02/1983;amaro.riquelme@gmail.com;{Riquelme20;Male
Corrientes;Montserrat;Mayoral;25136288;+54 9 11-6919-2760;Glorieta Teodora Peinado 600, Corrientes, Argentina;17/06/1977;montserrat.mayoral@gmail.com;";Mayoral17";Female
Jujuy;Rosenda;Barreda;12697037;+54 9 21-5297-7790;Pasaje de Emperatriz Ribes 56, San Salvador de Jujuy, Argentina;20/01/1980;rosenda.barreda@gmail.com;@Barreda20;Female
Salta;Severiano;Tena;10365320;+54 9 12-5217-5563;Alameda Concepción Codina 998, Salta, Argentina;26/01/1981;severiano.tena@gmail.com;^Tena26;Male
Salta;Flavia;Rossello;20061215;+54 9 11-4175-4893;Avenida Flora Velázquez 319, Salta, Argentina;2/10/1985;flavia.rossello@gmail.com;[Rossello02;Female
Santiago del Estero;Judith;Cortina;78871063;+54 9 22-6010-3634;Plaza Paula Coloma 224, Santiago del Estero, Argentina;20/12/1978;judith.cortina@gmail.com;)Cortina20;Female
Jujuy;Ana Belen;Llabres;93131974;+54 9 20-6296-2199;Via de Evita Baró 278, San Salvador de Jujuy, Argentina;15/02/1967;anabelen.llabres@gmail.com;#Llabres15;Female
Mendoza;Lucas;Teruel;62251029;+54 9 11-6425-5951;Rambla Rolando Rodrigo 174, Mendoza, Argentina;19/11/1951;lucas.teruel@gmail.com;`Teruel19;Male
Santiago del Estero;Nazaret;Alberola;38970743;+54 9 19-5824-8933;Cuesta de Albina Bonet 788, Santiago del Estero, Argentina;20/07/1950;nazaret.alberola@gmail.com;>Alberola20;Female
Neuquén;Jose Luis;Izquierdo;32087981;+54 9 14-6850-5399;Vial de Yago Trujillo 174, Neuquén, Argentina;6/05/1991;joseluis.izquierdo@gmail.com;@Izquierdo06;Male
Buenos Aires;Vera;Reina;85728555;+54 9 16-6118-8039;Cuesta de Amaya Soler 802, Buenos Aires, Argentina;25/03/1966;vera.reina@gmail.com;%Reina25;Female
Santa Fe;Marc;Sosa;75791571;+54 9 21-5786-7852;Callejón Javi Zamorano 516, Santa Fe, Argentina;23/12/1982;marc.sosa@gmail.com;/Sosa23;Male
Salta;Eleuterio;Pino;63031003;+54 9 16-5828-2902;Paseo Jesús Bou 517, Salta, Argentina;18/10/1971;eleuterio.pino@gmail.com;]Pino18;Male
Neuquén;Eli;Cabanas;25666101;+54 9 17-4040-2577;Camino Clarisa Anaya 147, Neuquén, Argentina;23/09/1962;eli.cabanas@gmail.com;:Cabanas23;Male
Santa Fe;Ignacio;Alcazar;37570457;+54 9 14-4074-9221;C. Fátima Catalá 901, Santa Fe, Argentina;5/05/1978;ignacio.alcazar@gmail.com;~Alcazar05;Male
Neuquén;Maricruz;Llorens;55670569;+54 9 16-4196-6809;Paseo de Miguel Ángel Sevillano 533, Neuquén, Argentina;3/01/1956;maricruz.llorens@gmail.com;`Llorens03;Female
Tucumán;Maria Manuela;Andrade;10728994;+54 9 20-4724-8161;Acceso Roberto Jiménez 821, San Miguel de Tucumán, Argentina;20/09/1997;mariamanuela.andrade@gmail.com;$Andrade20;Female
Mendoza;Amancio;Arana;30650934;+54 9 13-6289-2553;Ronda de Iker Castro 496, Mendoza, Argentina;23/05/1974;amancio.arana@gmail.com;(Arana23;Male
Santa Fe;Lazaro;Asenjo;75115810;+54 9 21-6835-7599;Pasadizo Miriam Tamayo 535, Santa Fe, Argentina;22/02/1952;lazaro.asenjo@gmail.com;|Asenjo22;Male
Santa Fe;Inocencio;Herranz;11852250;+54 9 14-6857-5382;Vial de Cipriano Feliu 190, Santa Fe, Argentina;13/02/1952;inocencio.herranz@gmail.com;~Herranz13;Male
Corrientes;Florentino;Villaverde;58809575;+54 9 13-4264-4364;Pasadizo Cloe Luz 166, Corrientes, Argentina;15/08/1958;florentino.villaverde@gmail.com;+Villaverde15;Male
Salta;Alonso;Valdes;40567238;+54 9 19-5128-1742;Glorieta Reinaldo Crespi 818, Salta, Argentina;13/07/1981;alonso.valdes@gmail.com;%Valdes13;Male
Mendoza;Armando;Barragan;12446374;+54 9 20-4627-9644;Camino de Bernardino Perelló 277, Mendoza, Argentina;5/06/1982;armando.barragan@gmail.com;#Barragan05;Male
Buenos Aires;Lucia;Gonzalez;82132917;+54 9 13-5447-1025;Av. Corrientes 1234, Buenos Aires, Argentina;22/11/1951;lucia.gonzalez@gmail.com;(Gonzalez22;Female
Tucumán;Cintia;Atienza;71379451;+54 9 14-5489-6351;Ronda de Nazaret Montes 741, San Miguel de Tucumán, Argentina;21/07/1987;cintia.atienza@gmail.com;?Atienza21;Female
Mendoza;Ildefonso;Conde;56354462;+54 9 14-6696-3117;Avenida María Carvajal 62, Mendoza, Argentina;13/09/1984;ildefonso.conde@gmail.com;+Conde13;Male
Mendoza;Roxana;Pla;50353484;+54 9 22-5804-6739;San Martín 789, Mendoza, Argentina;28/01/1973;roxana.pla@gmail.com;:Pla28;Female
Santiago del Estero;Leire;Sarabia;89021822;+54 9 13-5003-1870;Callejón de Gregorio Pazos 393, Santiago del Estero, Argentina;5/01/1965;leire.sarabia@gmail.com;+Sarabia05;Female
Salta;Carlos;Muniz;51246163;+54 9 14-6712-8915;Ronda de María Fernanda Vigil 414, Salta, Argentina;24/02/1989;carlos.muniz@gmail.com;~Muniz24;Male
Jujuy;Javier;Garay;80049394;+54 9 12-5281-3960;Rambla de Ale Bastida 961, San Salvador de Jujuy, Argentina;27/12/1992;javier.garay@gmail.com;!Garay27;Male
Buenos Aires;Guadalupe;Sancho;32930541;+54 9 22-5478-4951;Av. Corrientes 1234, Buenos Aires, Argentina;1/06/1960;guadalupe.sancho@gmail.com;.Sancho01;Female
Buenos Aires;Leire;Pizarro;36539957;+54 9 17-6289-4624;Glorieta Adora Oliveras 903, Buenos Aires, Argentina;30/07/1992;leire.pizarro@gmail.com;>Pizarro30;Female
Buenos Aires;Domitila;Moraleda;77669521;+54 9 13-6054-4067;Av. Corrientes 1234, Buenos Aires, Argentina;15/05/1965;domitila.moraleda@gmail.com;#Moraleda15;Female
Tucumán;Bartolome;Perello;55541680;+54 9 14-4650-8973;Vial de Teobaldo Pedraza 172, San Miguel de Tucumán, Argentina;4/06/1971;bartolome.perello@gmail.com;}Perello04;Male
Neuquén;Guillermo;Coca;33032586;+54 9 12-6714-5390;Alameda de Teodoro Peña 429, Neuquén, Argentina;26/01/1969;guillermo.coca@gmail.com;}Coca26;Male
Córdoba;Virginia;Guitart;54790954;+54 9 22-6616-8609;Pasaje Susanita Iborra 105, Córdoba, Argentina;27/01/1982;virginia.guitart@gmail.com;}Guitart27;Female
Neuquén;Josefina;Rossello;21711051;+54 9 16-4609-8532;Rambla de Nieves Guerra 258, Neuquén, Argentina;13/11/1961;josefina.rossello@gmail.com;|Rossello13;Female
Mendoza;Rafaela;Castejon;99556293;+54 9 13-5426-1507;Rambla de Lope Cordero 800, Mendoza, Argentina;14/10/1994;rafaela.castejon@gmail.com;{Castejon14;Female
San Juan;Alberto;Fiol;70853574;+54 9 23-6355-6043;Rambla de Rosa Sureda 742, San Juan, Argentina;2/06/1977;alberto.fiol@gmail.com;>Fiol02;Male
Buenos Aires;Purificacion;Campillo;84883537;+54 9 11-5990-5544;Av. Corrientes 1234, Buenos Aires, Argentina;2/07/1976;purificacion.campillo@gmail.com;(Campillo02;Female
Córdoba;Aristides;Cuervo;43726907;+54 9 21-6012-9977;Callejón Leonardo Morcillo 470, Córdoba, Argentina;9/08/1980;aristides.cuervo@gmail.com;|Cuervo09;Male
Jujuy;Angelino;Reina;84273736;+54 9 14-5320-3221;Alameda Begoña Tudela 617, San Salvador de Jujuy, Argentina;14/09/1963;angelino.reina@gmail.com;,Reina14;Male
Salta;Lourdes;Amigo;47945594;+54 9 22-4792-5393;Pasadizo Abril Alcolea 819, Salta, Argentina;28/03/1998;lourdes.amigo@gmail.com;.Amigo28;Female
Salta;Joan;Campillo;38416812;+54 9 13-6460-8489;Rambla Vera Sabater 880, Salta, Argentina;23/11/1961;joan.campillo@gmail.com;%Campillo23;Male
Corrientes;Berto;Manrique;33578612;+54 9 16-6485-6561;Vial Desiderio Torres 590, Corrientes, Argentina;26/08/1974;berto.manrique@gmail.com;)Manrique26;Male
Santa Fe;Ricardo;Quevedo;86227026;+54 9 14-4915-2267;Urbanización Cipriano Sanchez 975, Santa Fe, Argentina;12/09/1999;ricardo.quevedo@gmail.com;(Quevedo12;Male
Córdoba;Dulce;Urena;81755138;+54 9 12-4237-4813;Urbanización de Pía Garay 547, Córdoba, Argentina;17/02/1982;dulce.urena@gmail.com;{Urena17;Female
Buenos Aires;Nico;Olive;89079538;+54 9 18-4269-7841;Via de Juliana Márquez 685, Buenos Aires, Argentina;18/12/1972;nico.olive@gmail.com;#Olive18;Male
Santa Fe;David;Carranza;18844914;+54 9 14-4272-3450;Rambla Raúl Valenzuela 492, Santa Fe, Argentina;13/12/1962;david.carranza@gmail.com;%Carranza13;Male
Buenos Aires;Carla;Quintana;29858381;+54 9 21-6260-5205;Av. Corrientes 1234, Buenos Aires, Argentina;7/01/1967;carla.quintana@gmail.com;(Quintana07;Female
San Juan;Catalina;Saez;62373033;+54 9 19-5234-1608;Acceso de Roque Vélez 119, San Juan, Argentina;21/01/1961;catalina.saez@gmail.com;)Saez21;Female
Buenos Aires;Josue;Feliu;25184590;+54 9 15-4310-2252;Av. Corrientes 1234, Buenos Aires, Argentina;13/04/1975;josue.feliu@gmail.com;!Feliu13;Male
Salta;Maria Luisa;Rosa;37899067;+54 9 16-5936-2571;Urbanización Pánfilo Morata 891, Salta, Argentina;27/11/1951;marialuisa.rosa@gmail.com;%Rosa27;Female
Corrientes;Marcos;Robles;80540144;+54 9 19-5062-6912;Via Andrés Felipe Marin 432, Corrientes, Argentina;6/02/1974;marcos.robles@gmail.com;:Robles06;Male
Córdoba;Evelia;Bejarano;88685003;+54 9 19-5204-1722;Calle Rivadavia 456, Córdoba, Argentina;5/10/1997;evelia.bejarano@gmail.com;!Bejarano05;Female
Buenos Aires;Calixta;Giner;50972304;+54 9 20-4401-9646;Av. Corrientes 1234, Buenos Aires, Argentina;13/11/1950;calixta.giner@gmail.com;}Giner13;Female
Buenos Aires;Chus;Lara;82497168;+54 9 12-5329-7065;Pasaje de Coral Aragón 94, Buenos Aires, Argentina;2/06/1952;chus.lara@gmail.com;.Lara02;Male
Neuquén;Jose;Fuertes;35665390;+54 9 13-6882-7313;Camino Remigio Santana 614, Neuquén, Argentina;17/03/1982;jose.fuertes@gmail.com;^Fuertes17;Male
Mendoza;Florina;Cabezas;67864486;+54 9 15-4754-6641;C. Aránzazu Gallart 218, Mendoza, Argentina;4/10/1958;florina.cabezas@gmail.com;";Cabezas04";Female
Santa Fe;Humberto;Gimenez;43330353;+54 9 22-6482-8409;Callejón de Emiliano Cornejo 557, Santa Fe, Argentina;2/10/1979;humberto.gimenez@gmail.com;@Gimenez02;Male
Mendoza;Adelia;Noguera;45690612;+54 9 23-4424-4850;C. de Ariel Solera 445, Mendoza, Argentina;7/12/1988;adelia.noguera@gmail.com;|Noguera07;Female
Jujuy;Aranzazu;Zabala;39181013;+54 9 18-4228-4624;Ronda de Victoriano Bravo 159, San Salvador de Jujuy, Argentina;15/01/1967;aranzazu.zabala@gmail.com;/Zabala15;Female
Corrientes;Marcio;Solano;66258509;+54 9 19-4347-1288;Avenida Ezequiel Toledo 449, Corrientes, Argentina;5/08/1955;marcio.solano@gmail.com;[Solano05;Male
Córdoba;Asdrubal;Gordillo;39460197;+54 9 23-5831-1153;Rambla Fidela Bustamante 397, Córdoba, Argentina;17/10/1970;asdrubal.gordillo@gmail.com;}Gordillo17;Female
Mendoza;Concepcion;Osorio;37913867;+54 9 21-6380-3742;Glorieta Goyo Montenegro 897, Mendoza, Argentina;28/08/1958;concepcion.osorio@gmail.com;&Osorio28;Female
Córdoba;Vasco;Bertran;85495688;+54 9 13-4752-2978;Calle Rivadavia 456, Córdoba, Argentina;29/05/1959;vasco.bertran@gmail.com;&Bertran29;Male
Córdoba;Rafael;Marco;90799946;+54 9 22-6120-5497;Calle Rivadavia 456, Córdoba, Argentina;5/01/1959;rafael.marco@gmail.com;]Marco05;Male
Santa Fe;Aitana;Aleman;99831443;+54 9 21-5540-9443;Avenida de Lázaro Estrada 651, Santa Fe, Argentina;11/07/1984;aitana.aleman@gmail.com;>Aleman11;Female
Buenos Aires;Quirino;Cornejo;35704082;+54 9 11-4549-3402;Av. Corrientes 1234, Buenos Aires, Argentina;17/02/1952;quirino.cornejo@gmail.com;{Cornejo17;Male
Córdoba;Bruno;Coll;61125182;+54 9 14-6083-5354;Acceso de Adán Valentín 431, Córdoba, Argentina;4/09/1985;bruno.coll@gmail.com;)Coll04;Male
Buenos Aires;Hector;Crespo;34018673;+54 9 17-5820-7018;Av. Corrientes 1234, Buenos Aires, Argentina;12/11/1973;hector.crespo@gmail.com;,Crespo12;Male
Buenos Aires;Santos;Exposito;26196750;+54 9 19-6274-4191;Av. Corrientes 1234, Buenos Aires, Argentina;18/05/1987;santos.exposito@gmail.com;:Exposito18;Male
Corrientes;Rogelio;Vinas;83348830;+54 9 11-5047-6966;Rambla Julio César Rosa 588, Corrientes, Argentina;7/08/1991;rogelio.vinas@gmail.com;%Vinas07;Male
Buenos Aires;Marcial;Torres;11967574;+54 9 21-4741-5422;C. María Del Carmen Talavera 58, Buenos Aires, Argentina;22/04/1974;marcial.torres@gmail.com;`Torres22;Male
Salta;Bonifacio;Arana;78799019;+54 9 20-6841-4359;Glorieta Conrado Gracia 138, Salta, Argentina;21/11/1995;bonifacio.arana@gmail.com;&Arana21;Male
Salta;Ínigo;Lago;20524678;+54 9 15-6110-5859;Ronda de Carmina Pinilla 711, Salta, Argentina;9/01/1990;ínigo.lago@gmail.com;?Lago09;Male
Jujuy;Mario;Barroso;61608223;+54 9 14-6897-7270;Via de Fulgencio Paniagua 214, San Salvador de Jujuy, Argentina;25/06/1980;mario.barroso@gmail.com;`Barroso25;Male
Córdoba;Juan Manuel;Solana;16221290;+54 9 12-5029-8731;Urbanización de Brunilda Aguilar 728, Córdoba, Argentina;29/02/1960;juanmanuel.solana@gmail.com;+Solana29;Male
Mendoza;Salvador;Ribera;46247476;+54 9 18-4195-1376;San Martín 789, Mendoza, Argentina;14/06/1986;salvador.ribera@gmail.com;$Ribera14;Male
Tucumán;Omar;Lopez;16109861;+54 9 16-6127-6051;Cuesta Dora Carrión 338, San Miguel de Tucumán, Argentina;27/05/1951;omar.lopez@gmail.com;+Lopez27;Male
Jujuy;Paulino;Soriano;65612300;+54 9 21-5228-5081;Cuesta Bautista Morales 516, San Salvador de Jujuy, Argentina;19/11/1950;paulino.soriano@gmail.com;_Soriano19;Male
Jujuy;Florencio;Morata;82797985;+54 9 15-5153-5410;Alameda de Omar Goñi 619, San Salvador de Jujuy, Argentina;15/09/1966;florencio.morata@gmail.com;&Morata15;Male
Neuquén;Tomas;Muniz;47157910;+54 9 22-4948-2879;Pasadizo Silvestre Mancebo 202, Neuquén, Argentina;7/10/1975;tomas.muniz@gmail.com;/Muniz07;Male
Tucumán;Luis;Pagès;73668511;+54 9 17-6315-6612;Rambla Ileana Bayón 198, San Miguel de Tucumán, Argentina;15/10/1954;luis.pagès@gmail.com;^Pagès15;Male
Mendoza;Montserrat;Agudo;68197634;+54 9 21-5813-4558;C. Isaac Castellanos 225, Mendoza, Argentina;17/05/1994;montserrat.agudo@gmail.com;,Agudo17;Male
San Juan;Sebastian;Galan;85203178;+54 9 21-4527-7548;Calle Ariadna Rosado 899, San Juan, Argentina;5/07/1983;sebastian.galan@gmail.com;{Galan05;Male
Buenos Aires;Juan Antonio;Duenas;39469036;+54 9 23-4300-9860;Callejón Severo Angulo 23, Buenos Aires, Argentina;9/05/1955;juanantonio.duenas@gmail.com;:Duenas09;Male
Santa Fe;Francisca;Carmona;48513207;+54 9 19-5294-2355;Glorieta de Claudio Torre 577, Santa Fe, Argentina;2/05/1955;francisca.carmona@gmail.com;[Carmona02;Female
Corrientes;Eloisa;Llorente;61660291;+54 9 15-5461-5253;Paseo de Malena Batlle 344, Corrientes, Argentina;28/07/1998;eloisa.llorente@gmail.com;(Llorente28;Female
Córdoba;Gilberto;Velazquez;41293811;+54 9 19-6039-7611;Calle Rivadavia 456, Córdoba, Argentina;11/06/1992;gilberto.velazquez@gmail.com;%Velazquez11;Male
Buenos Aires;Pepito;Blanch;62505974;+54 9 14-4774-2456;Paseo Amanda Delgado 366, Buenos Aires, Argentina;23/02/1968;pepito.blanch@gmail.com;|Blanch23;Male
Santa Fe;Ricardo;Hernandez;29236888;+54 9 14-5758-8246;Plaza de Amílcar Pomares 619, Santa Fe, Argentina;7/07/1984;ricardo.hernandez@gmail.com;?Hernandez07;Male
Santiago del Estero;Gervasio;Ferrer;14640491;+54 9 22-4239-1498;Calle Abel Zamorano 875, Santiago del Estero, Argentina;7/11/1952;gervasio.ferrer@gmail.com;,Ferrer07;Male
Santa Fe;Paloma;Machado;34708198;+54 9 21-4460-5970;Calle de Marcio Batlle 174, Santa Fe, Argentina;22/09/1959;paloma.machado@gmail.com;^Machado22;Female
Jujuy;Águeda;Lluch;55408622;+54 9 19-5360-6253;C. Susana Madrid 651, San Salvador de Jujuy, Argentina;5/03/1955;águeda.lluch@gmail.com;";Lluch05";Female
Buenos Aires;Seve;Vall;79308547;+54 9 17-5273-5811;Av. Corrientes 1234, Buenos Aires, Argentina;7/11/1994;seve.vall@gmail.com;$Vall07;Male
Santa Fe;Telmo;Galindo;57386576;+54 9 14-6238-4703;Pasaje Obdulia Vega 828, Santa Fe, Argentina;15/02/1997;telmo.galindo@gmail.com;{Galindo15;Male
Corrientes;Josefina;Gonzalez;86968886;+54 9 15-5701-2702;Urbanización Rebeca Aranda 951, Corrientes, Argentina;9/05/1985;josefina.gonzalez@gmail.com;]Gonzalez09;Female
Jujuy;Felicia;Querol;73824385;+54 9 23-5228-6356;Ronda Felipa Blasco 201, San Salvador de Jujuy, Argentina;11/10/1977;felicia.querol@gmail.com;&Querol11;Female
Buenos Aires;Juan Antonio;Segarra;49600887;+54 9 12-6348-2848;Avenida Macario Arévalo 71, Buenos Aires, Argentina;21/08/1954;juanantonio.segarra@gmail.com;)Segarra21;Male
Santa Fe;Inmaculada;Duarte;31567002;+54 9 19-6692-3942;Alameda Ruben Guardia 165, Santa Fe, Argentina;13/12/1953;inmaculada.duarte@gmail.com;)Duarte13;Female
Tucumán;Bartolome;Escriva;92178239;+54 9 17-5881-3736;Ronda de Dan Serna 235, San Miguel de Tucumán, Argentina;19/06/1980;bartolome.escriva@gmail.com;>Escriva19;Male
Córdoba;Zaira;Coloma;34874997;+54 9 17-6453-8194;Calle Rivadavia 456, Córdoba, Argentina;20/08/1987;zaira.coloma@gmail.com;!Coloma20;Female
Salta;Pepito;Calzada;18552534;+54 9 11-5609-3533;Cañada de Timoteo Hoyos 334, Salta, Argentina;23/02/1995;pepito.calzada@gmail.com;^Calzada23;Male
Santiago del Estero;Noa;Jove;17880803;+54 9 14-5769-5676;Pasaje Leonel Bustos 76, Santiago del Estero, Argentina;20/06/1985;noa.jove@gmail.com;+Jove20;Female
Salta;Florinda;Portero;44622676;+54 9 21-6997-2537;C. de Rosaura Bernat 331, Salta, Argentina;23/01/1961;florinda.portero@gmail.com;}Portero23;Female
Tucumán;Luisa;Verdu;73752656;+54 9 14-4973-2507;Urbanización Josefa Losa 105, San Miguel de Tucumán, Argentina;25/02/1988;luisa.verdu@gmail.com;^Verdu25;Female
Mendoza;Victorino;Escalona;49005323;+54 9 16-4305-2621;San Martín 789, Mendoza, Argentina;31/08/1966;victorino.escalona@gmail.com;_Escalona31;Male
Jujuy;Leticia;Cabrero;11912823;+54 9 19-6559-5026;Pasadizo de Plinio Pardo 493, San Salvador de Jujuy, Argentina;10/09/1951;leticia.cabrero@gmail.com;!Cabrero10;Female
Santa Fe;Lorenza;Solsona;86015569;+54 9 11-4607-2045;Callejón Judith Rueda 124, Santa Fe, Argentina;16/06/1963;lorenza.solsona@gmail.com;]Solsona16;Female
Salta;Julieta;Juan;17085732;+54 9 17-5481-2457;Paseo Florina Barriga 643, Salta, Argentina;9/08/1989;julieta.juan@gmail.com;%Juan09;Female
Jujuy;Herminia;Paredes;55412165;+54 9 18-6034-1860;Cañada de Ximena Casals 39, San Salvador de Jujuy, Argentina;28/01/1961;herminia.paredes@gmail.com;$Paredes28;Female
San Juan;Marta;Cobo;73760232;+54 9 19-4174-6081;Ronda de Guiomar Anguita 384, San Juan, Argentina;25/10/1962;marta.cobo@gmail.com;!Cobo25;Female
Salta;Mario;Benavides;53558225;+54 9 20-4595-8717;Cuesta de Armida Olmedo 919, Salta, Argentina;5/01/1968;mario.benavides@gmail.com;+Benavides05;Male
Córdoba;Hilario;Mayo;53471947;+54 9 13-6033-4883;Urbanización de Juan Bautista Blázquez 842, Córdoba, Argentina;5/05/1970;hilario.mayo@gmail.com;~Mayo05;Male
Buenos Aires;Delfina;Jurado;55168871;+54 9 19-4530-7523;Av. Corrientes 1234, Buenos Aires, Argentina;24/05/1993;delfina.jurado@gmail.com;*Jurado24;Female
Buenos Aires;Calixta;Borras;39555370;+54 9 14-6082-2499;Av. Corrientes 1234, Buenos Aires, Argentina;30/01/1981;calixta.borras@gmail.com;,Borras30;Female
Santa Fe;Sandalio;Cabello;99715276;+54 9 20-6742-3757;Vial Felipe Trujillo 368, Santa Fe, Argentina;1/05/1950;sandalio.cabello@gmail.com;,Cabello01;Male
Buenos Aires;Maribel;Armengol;29205316;+54 9 23-4743-5981;Paseo de Glauco Cases 396, Buenos Aires, Argentina;26/01/1996;maribel.armengol@gmail.com;{Armengol26;Female
Jujuy;Felix;Dalmau;24239420;+54 9 21-6430-7830;Alameda de Eusebio Tovar 172, San Salvador de Jujuy, Argentina;21/02/1985;felix.dalmau@gmail.com;%Dalmau21;Male
Santiago del Estero;Alexandra;Abellan;57091173;+54 9 14-4858-6228;Camino de Santiago Pacheco 58, Santiago del Estero, Argentina;18/04/1991;alexandra.abellan@gmail.com;^Abellan18;Female
Córdoba;Amalia;Carrion;52404585;+54 9 15-6083-8647;Calle Rivadavia 456, Córdoba, Argentina;24/12/1969;amalia.carrion@gmail.com;|Carrion24;Female
Neuquén;Teofilo;Burgos;40469337;+54 9 13-4919-4051;Cañada de Valentina Hoyos 210, Neuquén, Argentina;13/10/1990;teofilo.burgos@gmail.com;";Burgos13";Male
Salta;Aurelia;Sarabia;32524031;+54 9 19-4618-1378;Cuesta Joaquín Naranjo 972, Salta, Argentina;30/03/1969;aurelia.sarabia@gmail.com;`Sarabia30;Female
Neuquén;Ernesto;Yanez;80739515;+54 9 19-6997-7599;Glorieta de Trinidad Alfonso 441, Neuquén, Argentina;8/09/1965;ernesto.yanez@gmail.com;{Yanez08;Male
Santiago del Estero;Amalia;Alarcon;17417598;+54 9 23-5317-5546;Avenida de Desiderio Moraleda 902, Santiago del Estero, Argentina;8/03/1999;amalia.alarcon@gmail.com;(Alarcon08;Female
San Juan;Ale;Alsina;55752030;+54 9 16-6128-8136;Vial de Palmira Feliu 135, San Juan, Argentina;17/06/1979;ale.alsina@gmail.com;|Alsina17;Male
Santa Fe;Severino;Carranza;44946984;+54 9 11-4488-5785;Avenida Jose Angel Pagès 161, Santa Fe, Argentina;16/12/1974;severino.carranza@gmail.com;<Carranza16;Male
Mendoza;Fabiola;Llorens;85428588;+54 9 21-5273-6025;Plaza de Leandro Trillo 404, Mendoza, Argentina;5/12/1996;fabiola.llorens@gmail.com;@Llorens05;Female
Salta;Jaime;Domenech;49136206;+54 9 22-6296-9098;Alameda Modesta Carreño 830, Salta, Argentina;20/01/1963;jaime.domenech@gmail.com;!Domenech20;Male
Tucumán;Epifanio;Gonzalez;31380963;+54 9 18-5929-7754;Urbanización de Paca Cánovas 847, San Miguel de Tucumán, Argentina;25/05/1965;epifanio.gonzalez@gmail.com;&Gonzalez25;Male
Mendoza;Loreto;Boix;68880715;+54 9 22-5649-2606;San Martín 789, Mendoza, Argentina;7/08/1991;loreto.boix@gmail.com;<Boix07;Female
Neuquén;Rebeca;Parra;73274442;+54 9 16-5718-4954;Camino de Adela Molina 800, Neuquén, Argentina;29/05/1973;rebeca.parra@gmail.com;[Parra29;Female
Buenos Aires;Paca;Gilabert;64925312;+54 9 11-4161-1257;Av. Corrientes 1234, Buenos Aires, Argentina;11/06/1995;paca.gilabert@gmail.com;&Gilabert11;Female
San Juan;Teodora;Catalan;18145272;+54 9 18-4501-3276;Cuesta de Haroldo Marti 37, San Juan, Argentina;21/03/1961;teodora.catalan@gmail.com;`Catalan21;Female
Buenos Aires;Pili;Balaguer;21228837;+54 9 17-6676-3326;Av. Corrientes 1234, Buenos Aires, Argentina;27/01/1963;pili.balaguer@gmail.com;#Balaguer27;Female
Córdoba;Anabel;Pujol;62579121;+54 9 12-5020-3973;Plaza de Norberto Garriga 166, Córdoba, Argentina;12/08/1967;anabel.pujol@gmail.com;|Pujol12;Female
Salta;Maria Dolores;Benito;46313003;+54 9 13-5262-2460;Glorieta de Francisca Vilaplana 146, Salta, Argentina;6/07/1957;mariadolores.benito@gmail.com;,Benito06;Female
Neuquén;Perlita;Castells;28350426;+54 9 12-5791-2324;Callejón de Abilio Barrena 85, Neuquén, Argentina;28/07/1952;perlita.castells@gmail.com;<Castells28;Female
Salta;Panfilo;Vergara;57455334;+54 9 21-4995-5021;Alameda de Heliodoro Hurtado 317, Salta, Argentina;29/07/1952;panfilo.vergara@gmail.com;@Vergara29;Male
Córdoba;Remigio;Crespo;33542113;+54 9 11-5171-1095;Calle Rivadavia 456, Córdoba, Argentina;16/05/1957;remigio.crespo@gmail.com;!Crespo16;Male
Mendoza;Leonardo;Vilar;59701555;+54 9 19-5216-5375;San Martín 789, Mendoza, Argentina;19/10/1999;leonardo.vilar@gmail.com;|Vilar19;Male
Córdoba;Barbara;Company;98857274;+54 9 14-6392-4158;Calle Cristian Navas 399, Córdoba, Argentina;18/11/1957;barbara.company@gmail.com;|Company18;Female
Corrientes;Aaron;Ortega;97829147;+54 9 23-4665-3138;Acceso de Alejandra Ávila 132, Corrientes, Argentina;9/08/1954;aaron.ortega@gmail.com;*Ortega09;Male
Santa Fe;Josue;Belda;28366055;+54 9 20-6018-6161;Cañada de Aitana Gómez 993, Santa Fe, Argentina;18/01/1960;josue.belda@gmail.com;)Belda18;Male
Mendoza;Aurelia;Merino;78312839;+54 9 22-4879-6554;Urbanización de Renato Saldaña 227, Mendoza, Argentina;6/02/1991;aurelia.merino@gmail.com;:Merino06;Female
Buenos Aires;Roldan;Vazquez;38947884;+54 9 23-5245-2091;Av. Corrientes 1234, Buenos Aires, Argentina;20/09/1990;roldan.vazquez@gmail.com;<Vazquez20;Male
Tucumán;Zaida;Arcos;61010155;+54 9 22-6216-8410;Via de María Pilar Fortuny 420, San Miguel de Tucumán, Argentina;22/10/1961;zaida.arcos@gmail.com;+Arcos22;Female
Neuquén;Prudencia;Alarcon;58246862;+54 9 16-6415-6353;Vial Ramona Juan 910, Neuquén, Argentina;2/04/1993;prudencia.alarcon@gmail.com;|Alarcon02;Female
Santiago del Estero;Pacifica;Valcarcel;11747146;+54 9 12-6644-4604;C. de Isa Ariño 450, Santiago del Estero, Argentina;23/01/1967;pacifica.valcarcel@gmail.com;?Valcarcel23;Female
Jujuy;Adrian;Pastor;55646246;+54 9 17-5772-1015;Alameda Mariano Llabrés 693, San Salvador de Jujuy, Argentina;16/07/1997;adrian.pastor@gmail.com;|Pastor16;Male
Córdoba;Marcial;Leon;51910540;+54 9 21-4129-9076;Cuesta Wilfredo Gascón 717, Córdoba, Argentina;20/09/1997;marcial.leon@gmail.com;,Leon20;Male
San Juan;Itziar;Miralles;68844406;+54 9 23-4105-2120;Ronda de Raúl Aranda 750, San Juan, Argentina;1/09/1961;itziar.miralles@gmail.com;)Miralles01;Female
Buenos Aires;Nicolas;Franco;66858862;+54 9 11-5521-2864;Vial Eufemia Cuervo 35, Buenos Aires, Argentina;22/09/1964;nicolas.franco@gmail.com;<Franco22;Male
Neuquén;Edelmiro;Duran;79712014;+54 9 18-5405-7075;Calle de Javiera Seguí 655, Neuquén, Argentina;5/09/1999;edelmiro.duran@gmail.com;#Duran05;Male
Mendoza;Hernan;Acosta;30156670;+54 9 16-4805-2027;San Martín 789, Mendoza, Argentina;25/08/1955;hernan.acosta@gmail.com;&Acosta25;Male
Mendoza;Chuy;Melero;72809879;+54 9 15-6503-9616;San Martín 789, Mendoza, Argentina;25/02/1961;chuy.melero@gmail.com;<Melero25;Male
Jujuy;Ramiro;Munoz;34291020;+54 9 21-5889-9004;Pasadizo Carlito Miralles 606, San Salvador de Jujuy, Argentina;15/08/1953;ramiro.munoz@gmail.com;$Munoz15;Male
Buenos Aires;Jaime;Jodar;94817024;+54 9 11-4586-2616;Av. Corrientes 1234, Buenos Aires, Argentina;1/04/1975;jaime.jodar@gmail.com;";Jodar01";Male
Buenos Aires;Maristela;Blanca;85896921;+54 9 22-6989-2485;Av. Corrientes 1234, Buenos Aires, Argentina;20/05/1993;maristela.blanca@gmail.com;)Blanca20;Female
Córdoba;Curro;Borrego;23814824;+54 9 14-4644-7804;Calle Rivadavia 456, Córdoba, Argentina;25/09/1973;curro.borrego@gmail.com;{Borrego25;Male
Mendoza;Olimpia;Palacios;57726758;+54 9 18-4750-8631;San Martín 789, Mendoza, Argentina;6/10/1962;olimpia.palacios@gmail.com;>Palacios06;Female
Santiago del Estero;Remigio;Palomares;45679895;+54 9 15-5486-9913;Cuesta de Santiago Sarabia 287, Santiago del Estero, Argentina;1/01/1960;remigio.palomares@gmail.com;}Palomares01;Male
Santa Fe;Sol;Flor;50680845;+54 9 13-6141-7281;Urbanización de Delfina Vargas 446, Santa Fe, Argentina;11/06/1961;sol.flor@gmail.com;)Flor11;Male
Córdoba;Trinidad;Nino;27375473;+54 9 20-4705-3028;Calle Rivadavia 456, Córdoba, Argentina;2/07/1959;trinidad.nino@gmail.com;?Nino02;Female
Buenos Aires;Ariel;Guerra;46477503;+54 9 21-5423-4996;Av. Corrientes 1234, Buenos Aires, Argentina;19/03/1961;ariel.guerra@gmail.com;$Guerra19;Female
Córdoba;Olalla;Casanovas;15858318;+54 9 20-5528-1066;Cuesta de Nidia Bosch 122, Córdoba, Argentina;28/01/1972;olalla.casanovas@gmail.com;_Casanovas28;Female
Salta;Ciriaco;Pino;48865692;+54 9 12-6766-1438;Cañada Francisco Javier Piquer 88, Salta, Argentina;31/01/1983;ciriaco.pino@gmail.com;$Pino31;Male
San Juan;Trinidad;Farre;92309378;+54 9 11-5516-2964;Acceso Nydia Gimenez 975, San Juan, Argentina;3/04/1971;trinidad.farre@gmail.com;@Farre03;Female
Córdoba;Esperanza;Barrera;82130605;+54 9 21-4412-8541;Paseo Luciana Quintanilla 125, Córdoba, Argentina;18/12/1995;esperanza.barrera@gmail.com;}Barrera18;Female
Jujuy;Graciana;Leiva;17768580;+54 9 11-4726-7360;Urbanización Eva Uriarte 193, San Salvador de Jujuy, Argentina;13/01/1968;graciana.leiva@gmail.com;]Leiva13;Female
Salta;Trinidad;Aparicio;56660922;+54 9 15-5788-8045;Paseo Eladio Rios 718, Salta, Argentina;9/04/1968;trinidad.aparicio@gmail.com;+Aparicio09;Female
Salta;Lazaro;Salvador;67750419;+54 9 18-6226-1165;Cañada de Fabián Beltrán 301, Salta, Argentina;26/12/1951;lazaro.salvador@gmail.com;@Salvador26;Male
San Juan;Angelino;Esparza;88982365;+54 9 22-5677-7786;Via Leopoldo Barco 185, San Juan, Argentina;29/08/1994;angelino.esparza@gmail.com;[Esparza29;Male
Salta;Luis Miguel;Agusti;89578416;+54 9 12-4764-9959;Alameda Gastón Acedo 540, Salta, Argentina;30/11/1973;luismiguel.agusti@gmail.com;,Agusti30;Male
Mendoza;Abril;Alfonso;56694255;+54 9 23-6849-1842;Calle Felipa Carmona 75, Mendoza, Argentina;28/01/1951;abril.alfonso@gmail.com;|Alfonso28;Female
Corrientes;Natalia;Montenegro;14971428;+54 9 13-4133-7027;Ronda Irma Cadenas 300, Corrientes, Argentina;27/10/1975;natalia.montenegro@gmail.com;]Montenegro27;Female
Corrientes;Fidel;Badia;37710530;+54 9 21-4381-8167;Glorieta de Hilario Noriega 292, Corrientes, Argentina;31/01/1968;fidel.badia@gmail.com;!Badia31;Male
San Juan;Adalberto;Flores;28946925;+54 9 22-5214-6397;Plaza de Glauco Uría 823, San Juan, Argentina;4/06/1951;adalberto.flores@gmail.com;(Flores04;Male
Córdoba;Ángela;Trillo;56998356;+54 9 22-4721-3905;Calle Rivadavia 456, Córdoba, Argentina;17/04/1953;ángela.trillo@gmail.com;[Trillo17;Female
San Juan;Alicia;Julia;11026983;+54 9 17-4647-4422;Plaza Camila Torrijos 151, San Juan, Argentina;1/04/1958;alicia.julia@gmail.com;~Julia01;Female
Córdoba;Jenaro;Hernando;26418290;+54 9 17-6878-2013;Calle Rivadavia 456, Córdoba, Argentina;17/03/1964;jenaro.hernando@gmail.com;,Hernando17;Male
Jujuy;Roberto;Lara;94952500;+54 9 11-6026-7924;Acceso Faustino Ortega 724, San Salvador de Jujuy, Argentina;5/04/1955;roberto.lara@gmail.com;@Lara05;Male
Neuquén;Heriberto;Lloret;16745155;+54 9 13-5742-9152;Plaza de Lupita Corominas 233, Neuquén, Argentina;8/07/1978;heriberto.lloret@gmail.com;*Lloret08;Male
Santa Fe;Pascuala;Robles;78625086;+54 9 20-5149-6022;Urbanización Baldomero Cal 471, Santa Fe, Argentina;17/02/1976;pascuala.robles@gmail.com;}Robles17;Female
Córdoba;Rufina;Pozuelo;36357231;+54 9 19-6061-1919;Calle Rivadavia 456, Córdoba, Argentina;23/05/1976;rufina.pozuelo@gmail.com;`Pozuelo23;Female
Mendoza;Nicolas;Boix;43318390;+54 9 21-4653-1188;Alameda Sebastian Barrera 270, Mendoza, Argentina;15/03/1978;nicolas.boix@gmail.com;.Boix15;Male
Corrientes;Dimas;Salom;90243224;+54 9 20-6537-2005;Plaza Jenaro Vilaplana 247, Corrientes, Argentina;4/01/1989;dimas.salom@gmail.com;_Salom04;Male
Mendoza;Carlota;Garcia;67610018;+54 9 21-4609-8333;San Martín 789, Mendoza, Argentina;27/09/1994;carlota.garcia@gmail.com;[Garcia27;Female
Buenos Aires;Apolinar;Penas;53231009;+54 9 14-5038-3224;C. Milagros Roman 335, Buenos Aires, Argentina;4/09/1960;apolinar.penas@gmail.com;$Penas04;Male
Córdoba;Mercedes;Vicente;68962845;+54 9 14-4967-8409;Calle Rivadavia 456, Córdoba, Argentina;4/03/1960;mercedes.vicente@gmail.com;";Vicente04";Female
Mendoza;Geraldo;Palomar;27902405;+54 9 21-6255-6815;Acceso Carmelo Gallart 162, Mendoza, Argentina;19/10/1974;geraldo.palomar@gmail.com;<Palomar19;Male
Buenos Aires;Adelina;Leon;69263205;+54 9 13-5341-8661;Ronda de Bárbara Solera 389, Buenos Aires, Argentina;25/12/1996;adelina.leon@gmail.com;.Leon25;Female
Tucumán;Manola;Juarez;72317170;+54 9 21-4381-1462;Pasadizo Juan Hernando 612, San Miguel de Tucumán, Argentina;29/04/1965;manola.juarez@gmail.com;<Juarez29;Male
Neuquén;Maria Luisa;Guzman;46193117;+54 9 22-5368-4446;Avenida de Julián Martinez 957, Neuquén, Argentina;29/09/1997;marialuisa.guzman@gmail.com;$Guzman29;Female
Neuquén;Moises;Pardo;52409647;+54 9 14-4327-9721;Rambla de Belen Rosales 363, Neuquén, Argentina;21/12/1952;moises.pardo@gmail.com;~Pardo21;Male
Córdoba;Silvia;Matas;41942604;+54 9 12-4898-4106;Calle Rivadavia 456, Córdoba, Argentina;18/02/1987;silvia.matas@gmail.com;.Matas18;Female
Santa Fe;Iris;Huerta;20014556;+54 9 12-5737-2296;Paseo de Juan Manuel Pulido 627, Santa Fe, Argentina;3/01/1976;iris.huerta@gmail.com;!Huerta03;Female
Jujuy;Morena;Seco;25515790;+54 9 18-5651-3087;Avenida de Inocencio Valle 943, San Salvador de Jujuy, Argentina;28/07/1991;morena.seco@gmail.com;<Seco28;Female
Buenos Aires;Regulo;Heredia;15937971;+54 9 11-4463-8412;Av. Corrientes 1234, Buenos Aires, Argentina;28/03/1997;regulo.heredia@gmail.com;>Heredia28;Male
Córdoba;Paulina;Roldan;23205199;+54 9 21-6983-7907;Urbanización de Julián Camacho 862, Córdoba, Argentina;27/04/1974;paulina.roldan@gmail.com;?Roldan27;Female
Santa Fe;Petrona;Iglesias;41806255;+54 9 14-6137-9630;Calle de Malena Pino 660, Santa Fe, Argentina;21/10/1956;petrona.iglesias@gmail.com;*Iglesias21;Female
San Juan;Celso;Guzman;39496382;+54 9 11-5970-4424;Acceso María Cristina Cadenas 120, San Juan, Argentina;25/06/1989;celso.guzman@gmail.com;@Guzman25;Male
Buenos Aires;Veronica;Olmo;27835465;+54 9 20-5532-3219;C. Corona Sobrino 982, Buenos Aires, Argentina;27/12/1953;veronica.olmo@gmail.com;@Olmo27;Female
Mendoza;Teodosio;Fuentes;99545907;+54 9 11-6630-6793;Glorieta Eustaquio Ricart 489, Mendoza, Argentina;5/02/1991;teodosio.fuentes@gmail.com;|Fuentes05;Male
Buenos Aires;Jose Manuel;Castilla;19049283;+54 9 14-6656-3319;Glorieta de Lucho Fortuny 756, Buenos Aires, Argentina;24/11/1963;josemanuel.castilla@gmail.com;+Castilla24;Male
Mendoza;Ricarda;Cortes;89944394;+54 9 23-5868-6273;Camino de Andrés Felipe Lillo 136, Mendoza, Argentina;2/09/1986;ricarda.cortes@gmail.com;[Cortes02;Female
Santa Fe;Cloe;Pinol;38504574;+54 9 23-4978-8992;Ronda Pancho Alsina 98, Santa Fe, Argentina;14/02/1980;cloe.pinol@gmail.com;>Pinol14;Female
Jujuy;Emma;Paz;42568644;+54 9 20-4783-3707;Callejón Belén Gibert 699, San Salvador de Jujuy, Argentina;19/02/1981;emma.paz@gmail.com;#Paz19;Female
Santiago del Estero;Marisol;Pedraza;56196975;+54 9 22-5203-3855;Rambla de Eliseo Avilés 491, Santiago del Estero, Argentina;14/09/1992;marisol.pedraza@gmail.com;|Pedraza14;Female
Santa Fe;Isa;Solera;48553897;+54 9 23-5252-9936;Rambla de Marcos Collado 897, Santa Fe, Argentina;19/10/1989;isa.solera@gmail.com;&Solera19;Female
Corrientes;Candido;Martorell;67220859;+54 9 14-4519-5495;Glorieta de Nicolasa Benavides 483, Corrientes, Argentina;18/12/1950;candido.martorell@gmail.com;#Martorell18;Male
Corrientes;Lucho;Iglesia;38979790;+54 9 19-4002-6456;Cuesta de Samuel Pla 875, Corrientes, Argentina;12/12/1988;lucho.iglesia@gmail.com;?Iglesia12;Male
Corrientes;Rogelio;Vicente;17173701;+54 9 17-4735-6434;Plaza de Toño Frutos 378, Corrientes, Argentina;23/02/1977;rogelio.vicente@gmail.com;,Vicente23;Male
Buenos Aires;Tere;Seco;91532909;+54 9 12-5181-6752;Camino de María Dolores Madrid 855, Buenos Aires, Argentina;27/09/1976;tere.seco@gmail.com;,Seco27;Female
Neuquén;Noemi;Grau;85482395;+54 9 15-4083-5646;Camino Julio Villaverde 627, Neuquén, Argentina;8/08/1961;noemi.grau@gmail.com;|Grau08;Female
Jujuy;Gilberto;Giralt;94177826;+54 9 18-6212-7675;Glorieta de Conrado Iborra 850, San Salvador de Jujuy, Argentina;23/01/1960;gilberto.giralt@gmail.com;)Giralt23;Male
Salta;Irma;Manzano;28388387;+54 9 17-5504-7852;Calle María Dolores Ricart 178, Salta, Argentina;25/12/1992;irma.manzano@gmail.com;^Manzano25;Female
Mendoza;Heliodoro;Sala;33591249;+54 9 11-4683-4342;Rambla Albina Trujillo 120, Mendoza, Argentina;14/11/1954;heliodoro.sala@gmail.com;";Sala14";Male
Córdoba;Bautista;Giron;31200329;+54 9 22-4535-3228;Calle Rivadavia 456, Córdoba, Argentina;29/03/1981;bautista.giron@gmail.com;`Giron29;Male
Córdoba;Gabriela;Lledo;58961250;+54 9 16-6481-3752;Calle Rivadavia 456, Córdoba, Argentina;25/04/1970;gabriela.lledo@gmail.com;/Lledo25;Female
Corrientes;Ana Belen;Riba;65372587;+54 9 23-5593-3974;Camino de Adora Díez 322, Corrientes, Argentina;23/11/1995;anabelen.riba@gmail.com;!Riba23;Female
Salta;Georgina;Cortes;64019288;+54 9 13-4608-6096;Alameda Malena Manjón 359, Salta, Argentina;19/03/1967;georgina.cortes@gmail.com;]Cortes19;Female
Mendoza;Sancho;Baquero;89850555;+54 9 16-5501-5228;Pasadizo Cándido Pellicer 780, Mendoza, Argentina;24/04/1955;sancho.baquero@gmail.com;{Baquero24;Male
Tucumán;Abilio;Casal;71235412;+54 9 22-5277-1451;Cañada Albino Díaz 228, San Miguel de Tucumán, Argentina;16/09/1993;abilio.casal@gmail.com;}Casal16;Male
Mendoza;Baltasar;Rossello;43682822;+54 9 21-4563-2831;San Martín 789, Mendoza, Argentina;1/04/1968;baltasar.rossello@gmail.com;+Rossello01;Male
Tucumán;Albino;Puga;18522520;+54 9 15-5709-2842;Via Bernardo Benitez 581, San Miguel de Tucumán, Argentina;25/01/1950;albino.puga@gmail.com;)Puga25;Male
Córdoba;Lupita;Isern;37643020;+54 9 20-5240-8806;Calle Rivadavia 456, Córdoba, Argentina;1/07/1963;lupita.isern@gmail.com;~Isern01;Female
Santiago del Estero;Elba;Blanes;98231111;+54 9 22-4848-2471;Avenida de Crescencia Narváez 706, Santiago del Estero, Argentina;29/06/1968;elba.blanes@gmail.com;:Blanes29;Female
Buenos Aires;Sonia;Cordero;36164860;+54 9 22-4646-6696;Av. Corrientes 1234, Buenos Aires, Argentina;11/05/1981;sonia.cordero@gmail.com;#Cordero11;Female
San Juan;Angelino;Soler;40880792;+54 9 11-5676-6694;Paseo de Omar Ballester 148, San Juan, Argentina;26/04/1951;angelino.soler@gmail.com;(Soler26;Male
Mendoza;Reyna;Casal;31555841;+54 9 12-4524-5876;Urbanización de Tecla Colomer 20, Mendoza, Argentina;16/06/1990;reyna.casal@gmail.com;@Casal16;Female
Córdoba;Camila;Molina;27468144;+54 9 13-5706-1110;Camino de Aitor Varela 462, Córdoba, Argentina;24/03/1981;camila.molina@gmail.com;,Molina24;Female
Neuquén;Calista;Ávila;21212906;+54 9 12-4853-4412;Calle de Jennifer Espejo 143, Neuquén, Argentina;1/08/1968;calista.ávila@gmail.com;_Ávila01;Female
Tucumán;Emigdio;Salmeron;44506670;+54 9 18-5279-1032;Cañada Atilio Domingo 553, San Miguel de Tucumán, Argentina;15/04/1971;emigdio.salmeron@gmail.com;/Salmeron15;Male
Santa Fe;Marcos;Roman;15134470;+54 9 16-6434-1643;Rambla de Pastora Carlos 413, Santa Fe, Argentina;3/12/1955;marcos.roman@gmail.com;%Roman03;Male
Buenos Aires;África;Ballesteros;76105798;+54 9 20-4868-8290;Pasadizo Leire Iñiguez 116, Buenos Aires, Argentina;17/03/1994;áfrica.ballesteros@gmail.com;/Ballesteros17;Female
Mendoza;Jorge;Ramirez;95456313;+54 9 19-6935-1441;Avenida Ileana Barrena 865, Mendoza, Argentina;20/11/1960;jorge.ramirez@gmail.com;<Ramirez20;Male
San Juan;Andres Felipe;Carlos;14402869;+54 9 17-4400-6295;Cuesta de Teo Bartolomé 915, San Juan, Argentina;14/07/1979;andresfelipe.carlos@gmail.com;|Carlos14;Male
Jujuy;Pepe;Martinez;94594283;+54 9 23-4532-8329;Callejón de Damián Maldonado 245, San Salvador de Jujuy, Argentina;3/12/1980;pepe.martinez@gmail.com;:Martinez03;Male
Neuquén;Alejandra;Martin;49361315;+54 9 14-4229-5598;Plaza de Narcisa Alberola 103, Neuquén, Argentina;26/02/1962;alejandra.martin@gmail.com;*Martin26;Female
Neuquén;Eulalia;Ribes;77193651;+54 9 13-6937-5490;Ronda de Narciso Garrido 629, Neuquén, Argentina;8/04/1989;eulalia.ribes@gmail.com;%Ribes08;Female
Jujuy;Andrea;Gamez;10654091;+54 9 15-5917-7423;Alameda de Candelaria Agustí 29, San Salvador de Jujuy, Argentina;9/05/1992;andrea.gamez@gmail.com;~Gamez09;Female
Mendoza;Ildefonso;Cortes;18609960;+54 9 20-5769-9126;Cañada Inés Flores 744, Mendoza, Argentina;31/03/1989;ildefonso.cortes@gmail.com;.Cortes31;Male
Mendoza;Nico;Alcazar;79254627;+54 9 14-5360-7231;Cuesta Olalla Vilanova 323, Mendoza, Argentina;28/02/1966;nico.alcazar@gmail.com;*Alcazar28;Male
Córdoba;Adolfo;Lucas;89347824;+54 9 20-4093-6292;Plaza Ana Vélez 211, Córdoba, Argentina;14/12/1983;adolfo.lucas@gmail.com;>Lucas14;Male
Corrientes;Luisa;Plana;15835195;+54 9 19-5724-6792;Callejón de Luciano Vives 133, Corrientes, Argentina;14/06/1971;luisa.plana@gmail.com;#Plana14;Female
San Juan;Lilia;Alberdi;70522150;+54 9 18-6348-6186;Alameda Nélida Sáenz 803, San Juan, Argentina;11/11/1971;lilia.alberdi@gmail.com;*Alberdi11;Female
Córdoba;Lazaro;Valles;50325564;+54 9 18-6796-3233;Callejón de Ruperta Galan 998, Córdoba, Argentina;30/08/1980;lazaro.valles@gmail.com;}Valles30;Male
Santiago del Estero;Jesus;Naranjo;16294655;+54 9 14-6406-7712;Ronda Mirta Cañas 347, Santiago del Estero, Argentina;18/08/1978;jesus.naranjo@gmail.com;";Naranjo18";Male
Buenos Aires;Nuria;Alba;62143220;+54 9 13-5864-1001;Av. Corrientes 1234, Buenos Aires, Argentina;7/06/1982;nuria.alba@gmail.com;~Alba07;Female
Jujuy;Trini;Aznar;87052371;+54 9 16-4915-8783;Pasaje de Santos Gaya 460, San Salvador de Jujuy, Argentina;21/07/1991;trini.aznar@gmail.com;@Aznar21;Female
Córdoba;Lupita;Tejero;22956342;+54 9 19-6698-8717;Cuesta de Virgilio Segarra 236, Córdoba, Argentina;21/04/1953;lupita.tejero@gmail.com;%Tejero21;Female
San Juan;Horacio;Esteve;17628011;+54 9 15-5501-9572;Pasaje Cebrián Rosselló 698, San Juan, Argentina;7/10/1962;horacio.esteve@gmail.com;/Esteve07;Male
Buenos Aires;Sosimo;Gomila;97358086;+54 9 11-6207-8087;Cañada Pascual Sabater 746, Buenos Aires, Argentina;9/11/1979;sosimo.gomila@gmail.com;.Gomila09;Male
Córdoba;Lupe;Zabala;43903205;+54 9 13-5428-3581;Calle de Plácido Sastre 198, Córdoba, Argentina;22/06/1974;lupe.zabala@gmail.com;,Zabala22;Female
Córdoba;Vicenta;Armas;48813296;+54 9 23-6521-5952;Callejón de Haydée Canet 425, Córdoba, Argentina;1/12/1978;vicenta.armas@gmail.com;{Armas01;Female
Santa Fe;Simon;Guzman;38112223;+54 9 14-5000-5339;Plaza Pili Benítez 302, Santa Fe, Argentina;31/08/1998;simon.guzman@gmail.com;$Guzman31;Male
San Juan;Juan Antonio;Barros;99076298;+54 9 23-5107-5119;Glorieta de Julián Casals 639, San Juan, Argentina;8/01/1954;juanantonio.barros@gmail.com;";Barros08";Male
Buenos Aires;Moises;Blasco;68763653;+54 9 19-6498-1434;Av. Corrientes 1234, Buenos Aires, Argentina;27/01/1964;moises.blasco@gmail.com;%Blasco27;Male
Buenos Aires;Álvaro;Mata;78440042;+54 9 14-5396-8178;Callejón de Encarnacion Salgado 37, Buenos Aires, Argentina;1/09/1976;álvaro.mata@gmail.com;}Mata01;Male
Mendoza;Lidia;Quesada;17744331;+54 9 13-5936-1379;San Martín 789, Mendoza, Argentina;26/03/1987;lidia.quesada@gmail.com;|Quesada26;Female
Mendoza;Alondra;Ferrandez;54662656;+54 9 20-5129-8784;San Martín 789, Mendoza, Argentina;24/07/1982;alondra.ferrandez@gmail.com;*Ferrandez24;Female
Santa Fe;Mauricio;Urrutia;64759928;+54 9 21-5529-7012;Ronda de Manu Campoy 593, Santa Fe, Argentina;6/03/1953;mauricio.urrutia@gmail.com;^Urrutia06;Male
Tucumán;Amancio;Cases;45674380;+54 9 16-6175-4117;Paseo de María Luisa Beltrán 951, San Miguel de Tucumán, Argentina;17/06/1961;amancio.cases@gmail.com;/Cases17;Male
Córdoba;Pablo;Balaguer;64223341;+54 9 12-4995-3708;Calle Rivadavia 456, Córdoba, Argentina;11/07/1974;pablo.balaguer@gmail.com;^Balaguer11;Male
Santiago del Estero;Hipolito;Borrell;80993968;+54 9 19-5827-8349;Via Piedad Goicoechea 191, Santiago del Estero, Argentina;28/11/1992;hipolito.borrell@gmail.com;~Borrell28;Male
Tucumán;Aaron;Gimenez;72301467;+54 9 15-4694-9004;Ronda Marciano Villalobos 604, San Miguel de Tucumán, Argentina;10/07/1983;aaron.gimenez@gmail.com;&Gimenez10;Male
Mendoza;Guadalupe;Segui;83823037;+54 9 22-5932-4192;San Martín 789, Mendoza, Argentina;15/03/1981;guadalupe.segui@gmail.com;{Segui15;Female
San Juan;Cosme;Ballesteros;97822802;+54 9 13-6419-3187;Cuesta de Flor Maza 122, San Juan, Argentina;19/09/1950;cosme.ballesteros@gmail.com;&Ballesteros19;Female
Salta;Ale;Mari;78732395;+54 9 15-5300-6363;Camino Loida Ribes 383, Salta, Argentina;25/12/1975;ale.mari@gmail.com;.Mari25;Male
Neuquén;Ofelia;Ferrandez;17693522;+54 9 19-5047-6907;Plaza de Anselmo Dueñas 770, Neuquén, Argentina;21/05/1985;ofelia.ferrandez@gmail.com;^Ferrandez21;Female
Santa Fe;Imelda;Carbo;92347829;+54 9 14-5318-6481;Avenida Socorro Saldaña 739, Santa Fe, Argentina;26/03/1963;imelda.carbo@gmail.com;!Carbo26;Female
Córdoba;Calisto;Bartolome;72621926;+54 9 16-5957-9354;Vial de Julia Gisbert 827, Córdoba, Argentina;29/05/1975;calisto.bartolome@gmail.com;`Bartolome29;Male
Tucumán;Tere;Carnero;76030177;+54 9 11-4328-9722;Vial Rómulo Noriega 542, San Miguel de Tucumán, Argentina;5/07/1976;tere.carnero@gmail.com;";Carnero05";Female
Jujuy;Prudencia;Posada;78998480;+54 9 23-6741-8998;Vial de Paloma Montes 859, San Salvador de Jujuy, Argentina;6/05/1960;prudencia.posada@gmail.com;^Posada06;Female
Córdoba;Alberto;Garces;20008170;+54 9 11-6453-3653;Urbanización de Alfonso Valero 82, Córdoba, Argentina;19/02/1981;alberto.garces@gmail.com;,Garces19;Male
Jujuy;Juan Bautista;Luz;49216952;+54 9 15-5701-1736;Ronda Crescencia Quiroga 773, San Salvador de Jujuy, Argentina;7/06/1983;juanbautista.luz@gmail.com;%Luz07;Male
Santiago del Estero;Reyes;Rico;31674879;+54 9 21-4062-9923;Camino del Libertador 1450, Santiago del Estero, Argentina;2/05/1959;reyes.rico@gmail.com;<Rico02;Male
Santa Cruz;Isaura;Casado;54961476;+54 9 23-5771-4928;Calle San Martín 1241, Santa Cruz, Argentina;28/09/1985;isaura.casado@gmail.com;*Casado28;Female
Santiago del Estero;Gaspar;Herrero;23840738;+54 9 14-4683-8864;Calle San Martín 2978, Santiago del Estero, Argentina;1/10/1997;gaspar.herrero@gmail.com;:Herrero01;Male
Tucumán;Emelina;Mateos;70867232;+54 9 15-4590-6376;Boulevard Juan Perón 3297, Tucumán, Argentina;4/11/1976;emelina.mateos@gmail.com;/Mateos04;Female
Córdoba;Ángeles;Roura;46525611;+54 9 11-4969-9653;Ronda de Quirino Suarez 287, Córdoba, Argentina;25/04/1964;ángeles.roura@gmail.com;>Roura25;Female
Chubut;Teo;Arjona;25748648;+54 9 13-5357-9606;Calle San Martín 2089, Chubut, Argentina;29/09/1968;teo.arjona@gmail.com;%Arjona29;Male
Santa Fe;Macarena;Buendia;59593979;+54 9 12-5129-1596;Camino del Libertador 4586, Santa Fe, Argentina;8/12/1964;macarena.buendia@gmail.com;^Buendia08;Female
Entre Ríos;Buenaventura;Nebot;29688433;+54 9 18-6006-6859;Avenida Corrientes 565, Entre Ríos, Argentina;1/10/1962;buenaventura.nebot@gmail.com;|Nebot01;Female
La Pampa;Guadalupe;Mosquera;98231376;+54 9 16-4740-8591;Camino del Libertador 822, La Pampa, Argentina;17/09/1955;guadalupe.mosquera@gmail.com;^Mosquera17;Female
Santiago del Estero;Americo;Azorin;14349881;+54 9 15-4739-2423;Calle San Martín 677, Santiago del Estero, Argentina;24/03/1958;americo.azorin@gmail.com;_Azorin24;Male
San Luis;Fortunata;Lopez;99617275;+54 9 23-4927-8429;Boulevard Juan Perón 1590, San Luis, Argentina;8/05/1983;fortunata.lopez@gmail.com;)Lopez08;Female
Mendoza;Ileana;Samper;25567371;+54 9 21-6464-7095;Avenida Corrientes 2789, Mendoza, Argentina;8/04/1957;ileana.samper@gmail.com;(Samper08;Female
Tierra del Fuego;Martina;Canton;20076442;+54 9 16-4934-2829;Camino del Libertador 4201, Tierra del Fuego, Argentina;10/02/1972;martina.canton@gmail.com;]Canton10;Female
Chubut;Dan;Bernad;21426154;+54 9 11-5111-9404;Avenida Corrientes 2935, Chubut, Argentina;6/12/1964;dan.bernad@gmail.com;}Bernad06;Male
Mendoza;Olivia;Cuadrado;74157777;+54 9 16-6082-5548;Boulevard Juan Perón 977, Mendoza, Argentina;20/04/1951;olivia.cuadrado@gmail.com;~Cuadrado20;Female
San Juan;Trini;Gracia;49326656;+54 9 19-6864-9196;Boulevard Juan Perón 2663, San Juan, Argentina;14/04/1973;trini.gracia@gmail.com;&Gracia14;Female
Santiago del Estero;Casemiro;Elorza;65963222;+54 9 12-5671-5783;Camino del Libertador 1039, Santiago del Estero, Argentina;7/10/1989;casemiro.elorza@gmail.com;[Elorza07;Male
La Pampa;Roberta;Casares;22608233;+54 9 11-4809-6956;Avenida Corrientes 770, La Pampa, Argentina;4/12/1991;roberta.casares@gmail.com;%Casares04;Female
Catamarca;Ligia;Guardia;83143581;+54 9 20-4559-7631;Boulevard Juan Perón 163, Catamarca, Argentina;4/05/1952;ligia.guardia@gmail.com;^Guardia04;Female
Tierra del Fuego;Telmo;Tirado;30335514;+54 9 16-5274-7691;Ronda de Quirino Suarez 4490, Tierra del Fuego, Argentina;7/02/1955;telmo.tirado@gmail.com;&Tirado07;Male
Salta;Manuela;Luis;52754596;+54 9 13-5537-4824;Boulevard Juan Perón 1931, Salta, Argentina;11/02/1969;manuela.luis@gmail.com;<Luis11;Female
La Rioja;Herberto;Torre;37349727;+54 9 12-4630-7433;Camino del Libertador 87, La Rioja, Argentina;17/12/1954;herberto.torre@gmail.com;";Torre17";Male
San Luis;Valentina;Perea;65283417;+54 9 18-6044-4495;Boulevard Juan Perón 4965, San Luis, Argentina;4/10/1991;valentina.perea@gmail.com;:Perea04;Female
Córdoba;Celso;Lopez;87110334;+54 9 18-6646-9915;Boulevard Juan Perón 777, Córdoba, Argentina;8/03/1994;celso.lopez@gmail.com;@Lopez08;Male
Entre Ríos;Carla;Parra;95961184;+54 9 22-5681-2552;Ronda de Quirino Suarez 3341, Entre Ríos, Argentina;26/06/1981;carla.parra@gmail.com;~Parra26;Female
San Juan;Rafaela;Marques;37368747;+54 9 18-5928-3603;Ronda de Quirino Suarez 1839, San Juan, Argentina;3/01/1965;rafaela.marques@gmail.com;|Marques03;Female
La Pampa;Purificacion;Ramos;57323689;+54 9 12-6412-9643;Camino del Libertador 1068, La Pampa, Argentina;21/06/1970;purificacion.ramos@gmail.com;@Ramos21;Female
Santiago del Estero;Samuel;Robles;99321026;+54 9 22-4840-3694;Camino del Libertador 2804, Santiago del Estero, Argentina;7/11/1992;samuel.robles@gmail.com;<Robles07;Male
Santa Cruz;Eustaquio;Bernal;45136166;+54 9 17-5682-5997;Boulevard Juan Perón 2784, Santa Cruz, Argentina;14/12/1956;eustaquio.bernal@gmail.com;(Bernal14;Male
San Luis;Cristian;Bonet;93021456;+54 9 15-5787-4750;Boulevard Juan Perón 1359, San Luis, Argentina;29/01/1969;cristian.bonet@gmail.com;*Bonet29;Male
Formosa;Roque;Ramos;35381369;+54 9 11-4088-4406;Calle San Martín 4011, Formosa, Argentina;9/10/1957;roque.ramos@gmail.com;$Ramos09;Male
Misiones;Flora;Gutierrez;90134524;+54 9 15-5627-2770;Ronda de Quirino Suarez 84, Misiones, Argentina;8/12/1952;flora.gutierrez@gmail.com;`Gutierrez08;Female
Entre Ríos;Alejandra;Guerra;96792878;+54 9 15-5021-7025;Calle San Martín 3283, Entre Ríos, Argentina;21/06/1992;alejandra.guerra@gmail.com;~Guerra21;Female
Misiones;Calista;Diez;86825188;+54 9 19-4640-2757;Ronda de Quirino Suarez 3152, Misiones, Argentina;11/03/1983;calista.diez@gmail.com;:Diez11;Female
Catamarca;Sergio;Gallego;84401789;+54 9 13-6428-5900;Calle San Martín 3448, Catamarca, Argentina;4/02/1976;sergio.gallego@gmail.com;_Gallego04;Male
Mendoza;Ciriaco;Blasco;21229210;+54 9 15-5531-4835;Boulevard Juan Perón 4328, Mendoza, Argentina;18/06/1953;ciriaco.blasco@gmail.com;[Blasco18;Male
San Juan;Cleto;Andres;84938622;+54 9 17-6857-9880;Calle San Martín 1322, San Juan, Argentina;4/05/1967;cleto.andres@gmail.com;:Andres04;Male
Santa Cruz;Maria Ángeles;Anton;21986560;+54 9 11-6324-5082;Boulevard Juan Perón 4385, Santa Cruz, Argentina;8/07/1994;mariaángeles.anton@gmail.com;)Anton08;Female
Santa Cruz;Noelia;Suarez;67865770;+54 9 21-6602-6320;Calle San Martín 4708, Santa Cruz, Argentina;18/05/1957;noelia.suarez@gmail.com;{Suarez18;Male
Chubut;Elba;Hervia;14941115;+54 9 21-4949-6055;Avenida Corrientes 4491, Chubut, Argentina;8/04/1957;elba.hervia@gmail.com;?Hervia08;Female
Chubut;Arcelia;Vilanova;87800494;+54 9 21-4331-9049;Camino del Libertador 3508, Chubut, Argentina;7/02/1995;arcelia.vilanova@gmail.com;<Vilanova07;Female
Río Negro;Marcos;Aguilar;17284137;+54 9 12-6695-1980;Boulevard Juan Perón 3191, Río Negro, Argentina;13/07/1991;marcos.aguilar@gmail.com;?Aguilar13;Male
Entre Ríos;Sigfrido;Pavon;69615794;+54 9 20-5345-9000;Calle San Martín 3686, Entre Ríos, Argentina;29/09/1975;sigfrido.pavon@gmail.com;?Pavon29;Male
Santa Fe;Ofelia;Martin;52941560;+54 9 15-6949-9795;Avenida Corrientes 521, Santa Fe, Argentina;23/08/1981;ofelia.martin@gmail.com;{Martin23;Female
Tucumán;Rolando;Contreras;99943991;+54 9 15-5751-7334;Ronda de Quirino Suarez 1941, Tucumán, Argentina;20/02/1987;rolando.contreras@gmail.com;?Contreras20;Male
Córdoba;Santos;Acevedo;36870693;+54 9 20-5668-2203;Avenida Corrientes 4695, Córdoba, Argentina;10/02/1982;santos.acevedo@gmail.com;";Acevedo10";Male
Río Negro;Magdalena;Aleman;81590020;+54 9 16-6065-6121;Calle San Martín 1505, Río Negro, Argentina;8/04/1966;magdalena.aleman@gmail.com;`Aleman08;Female
Santa Cruz;Juan Antonio;Palmer;55627846;+54 9 22-6995-7719;Camino del Libertador 346, Santa Cruz, Argentina;20/07/1955;juanantonio.palmer@gmail.com;.Palmer20;Male
Tucumán;Estefania;Losada;66052267;+54 9 22-5390-5895;Calle San Martín 2983, Tucumán, Argentina;24/04/1983;estefania.losada@gmail.com;,Losada24;Female
La Rioja;Rosalia;Dalmau;45217028;+54 9 23-5381-1474;Camino del Libertador 3439, La Rioja, Argentina;14/03/1985;rosalia.dalmau@gmail.com;:Dalmau14;Female
La Rioja;Marcio;Barral;87378928;+54 9 12-4980-2409;Camino del Libertador 3979, La Rioja, Argentina;20/01/1961;marcio.barral@gmail.com;|Barral20;Male
Formosa;Joaquin;Bellido;76644734;+54 9 23-5540-2318;Ronda de Quirino Suarez 4291, Formosa, Argentina;5/11/1976;joaquin.bellido@gmail.com;|Bellido05;Male
Tucumán;Encarna;Hernando;45076130;+54 9 19-6821-2125;Boulevard Juan Perón 4296, Tucumán, Argentina;15/12/1953;encarna.hernando@gmail.com;]Hernando15;Female
Misiones;Eloisa;Pi;77779705;+54 9 12-4859-6408;Camino del Libertador 1817, Misiones, Argentina;20/11/1953;eloisa.pi@gmail.com;&Pi20;Female
Catamarca;Lucho;Crespo;88595583;+54 9 12-6815-7999;Calle San Martín 735, Catamarca, Argentina;4/07/1957;lucho.crespo@gmail.com;.Crespo04;Male
Misiones;Faustino;Arce;66634811;+54 9 22-4875-7117;Ronda de Quirino Suarez 1612, Misiones, Argentina;8/07/1989;faustino.arce@gmail.com;#Arce08;Male
Buenos Aires;Olegario;Hoz;52003388;+54 9 20-5675-7448;Ronda de Quirino Suarez 4296, Buenos Aires, Argentina;22/09/1983;olegario.hoz@gmail.com;<Hoz22;Male
Mendoza;Feliciana;Valera;46631305;+54 9 11-5712-9924;Boulevard Juan Perón 1730, Mendoza, Argentina;20/10/1985;feliciana.valera@gmail.com;%Valera20;Female
Catamarca;Anunciacion;Tapia;35383361;+54 9 21-6542-5844;Boulevard Juan Perón 3229, Catamarca, Argentina;16/09/1962;anunciacion.tapia@gmail.com;~Tapia16;Male
Entre Ríos;Remigio;Santiago;60331034;+54 9 16-6992-8194;Avenida Corrientes 919, Entre Ríos, Argentina;15/06/1999;remigio.santiago@gmail.com;,Santiago15;Male
Chaco;Jaime;Escudero;33894486;+54 9 14-4122-1115;Calle San Martín 1604, Chaco, Argentina;19/06/1994;jaime.escudero@gmail.com;%Escudero19;Male
Tierra del Fuego;Áurea;Alberdi;21763861;+54 9 17-6646-2099;Camino del Libertador 2027, Tierra del Fuego, Argentina;3/07/1963;áurea.alberdi@gmail.com;[Alberdi03;Female
San Luis;Ale;Andrade;54317478;+54 9 19-5164-2376;Avenida Corrientes 2556, San Luis, Argentina;18/07/1995;ale.andrade@gmail.com;,Andrade18;Male
Buenos Aires;Luis;Garmendia;33731182;+54 9 20-5830-6485;Camino del Libertador 4888, Buenos Aires, Argentina;12/03/1986;luis.garmendia@gmail.com;[Garmendia12;Male
Tierra del Fuego;Antonia;Simo;16777825;+54 9 19-6725-7744;Boulevard Juan Perón 29, Tierra del Fuego, Argentina;4/06/1981;antonia.simo@gmail.com;#Simo04;Female
San Luis;Isaac;Varela;76665546;+54 9 13-4181-8887;Camino del Libertador 2733, San Luis, Argentina;21/10/1984;isaac.varela@gmail.com;>Varela21;Male
Chubut;Cayetano;Gilabert;46207081;+54 9 17-6050-7438;Calle San Martín 4003, Chubut, Argentina;1/12/1977;cayetano.gilabert@gmail.com;`Gilabert01;Male
Jujuy;David;Haro;34314725;+54 9 18-6704-7051;Boulevard Juan Perón 4826, Jujuy, Argentina;24/08/1974;david.haro@gmail.com;)Haro24;Male
Santiago del Estero;Miguela;Carpio;14888506;+54 9 22-6480-7011;Calle San Martín 764, Santiago del Estero, Argentina;8/08/1955;miguela.carpio@gmail.com;{Carpio08;Female
Buenos Aires;Luis Miguel;Cerro;87050262;+54 9 13-4252-7780;Ronda de Quirino Suarez 943, Buenos Aires, Argentina;16/12/1981;luismiguel.cerro@gmail.com;[Cerro16;Male
Salta;Julio;Ribes;34803263;+54 9 12-4209-8328;Camino del Libertador 3308, Salta, Argentina;28/07/1988;julio.ribes@gmail.com;)Ribes28;Male
Misiones;Azahara;Valenciano;48922083;+54 9 15-5239-3075;Camino del Libertador 1598, Misiones, Argentina;2/12/1962;azahara.valenciano@gmail.com;$Valenciano02;Female
Tierra del Fuego;Amaro;Prats;88263348;+54 9 16-5295-1259;Calle San Martín 3949, Tierra del Fuego, Argentina;25/12/1986;amaro.prats@gmail.com;[Prats25;Male
Jujuy;Demetrio;Medina;96084558;+54 9 17-6875-8667;Ronda de Quirino Suarez 1163, Jujuy, Argentina;17/10/1963;demetrio.medina@gmail.com;^Medina17;Male
Misiones;Bernardita;Lozano;59361446;+54 9 23-4527-9456;Camino del Libertador 2964, Misiones, Argentina;27/05/1996;bernardita.lozano@gmail.com;>Lozano27;Female
Santiago del Estero;Felipa;Feliu;50241761;+54 9 23-6400-4349;Ronda de Quirino Suarez 4557, Santiago del Estero, Argentina;10/06/1980;felipa.feliu@gmail.com;&Feliu10;Male
Tierra del Fuego;Americo;Cuervo;23222073;+54 9 20-4986-1519;Ronda de Quirino Suarez 3062, Tierra del Fuego, Argentina;3/06/1971;americo.cuervo@gmail.com;]Cuervo03;Male
Tierra del Fuego;Eli;Figuerola;31388590;+54 9 13-6164-3534;Camino del Libertador 3218, Tierra del Fuego, Argentina;14/05/1974;eli.figuerola@gmail.com;.Figuerola14;Male
Chaco;Francisco;Llado;25196515;+54 9 23-4703-8416;Ronda de Quirino Suarez 4765, Chaco, Argentina;23/03/1999;francisco.llado@gmail.com;!Llado23;Male
San Luis;Cebrian;Benet;87639706;+54 9 12-6802-1804;Ronda de Quirino Suarez 1981, San Luis, Argentina;7/11/1998;cebrian.benet@gmail.com;.Benet07;Male
Chaco;Ildefonso;Garriga;11305553;+54 9 20-5368-7456;Calle San Martín 130, Chaco, Argentina;19/05/1955;ildefonso.garriga@gmail.com;>Garriga19;Male
Jujuy;Paco;Morera;23063597;+54 9 23-4774-9150;Avenida Corrientes 4172, Jujuy, Argentina;4/09/1967;paco.morera@gmail.com;+Morera04;Male
Neuquén;Andres;Egea;79942349;+54 9 16-5532-4809;Boulevard Juan Perón 2152, Neuquén, Argentina;25/10/1969;andres.egea@gmail.com;_Egea25;Male
Entre Ríos;Dani;Badia;72231507;+54 9 15-4670-4863;Boulevard Juan Perón 3410, Entre Ríos, Argentina;29/01/1954;dani.badia@gmail.com;?Badia29;Male
Buenos Aires;Clarisa;Montero;21754266;+54 9 23-5278-4407;Ronda de Quirino Suarez 4394, Buenos Aires, Argentina;4/02/1954;clarisa.montero@gmail.com;:Montero04;Female
Santiago del Estero;Teofilo;Carreras;71665390;+54 9 11-6901-7920;Avenida Corrientes 2570, Santiago del Estero, Argentina;12/08/1993;teofilo.carreras@gmail.com;/Carreras12;Male
Santa Cruz;Luz;Espanol;93698131;+54 9 20-6654-6579;Camino del Libertador 2819, Santa Cruz, Argentina;26/02/1971;luz.espanol@gmail.com;!Espanol26;Female
La Rioja;Jenny;Francisco;71069002;+54 9 12-6093-6233;Boulevard Juan Perón 4964, La Rioja, Argentina;7/12/1962;jenny.francisco@gmail.com;@Francisco07;Female
Mendoza;Cecilio;Llanos;12940205;+54 9 16-5733-5929;Calle San Martín 2715, Mendoza, Argentina;3/01/1982;cecilio.llanos@gmail.com;?Llanos03;Male
San Juan;Graciana;Segarra;99539339;+54 9 23-6674-1743;Avenida Corrientes 907, San Juan, Argentina;13/07/1956;graciana.segarra@gmail.com;%Segarra13;Female
Ciudad Autónoma de Buenos Aires;Nilda;Osuna;21844834;+54 9 19-4872-8059;Calle San Martín 1270, Ciudad Autónoma de Buenos Aires, Argentina;7/12/1971;nilda.osuna@gmail.com;^Osuna07;Female
La Pampa;Anselmo;Soriano;97910132;+54 9 14-5537-6367;Avenida Corrientes 1077, La Pampa, Argentina;12/03/1974;anselmo.soriano@gmail.com;&Soriano12;Male
Santa Fe;Florina;Iniesta;98328357;+54 9 18-4429-5154;Boulevard Juan Perón 3484, Santa Fe, Argentina;8/01/1956;florina.iniesta@gmail.com;!Iniesta08;Female
Jujuy;Sabina;Lerma;24889724;+54 9 15-6253-3416;Camino del Libertador 3865, Jujuy, Argentina;28/09/1975;sabina.lerma@gmail.com;*Lerma28;Female
Santa Fe;Julia;Castro;11753978;+54 9 19-5441-4648;Ronda de Quirino Suarez 3023, Santa Fe, Argentina;2/02/1978;julia.castro@gmail.com;`Castro02;Female
Jujuy;Cleto;Canizares;76352220;+54 9 15-6029-8466;Ronda de Quirino Suarez 4310, Jujuy, Argentina;14/03/1957;cleto.canizares@gmail.com;{Canizares14;Male
Córdoba;Fidel;Palomo;53382815;+54 9 11-5542-7465;Ronda de Quirino Suarez 3077, Córdoba, Argentina;17/12/1994;fidel.palomo@gmail.com;)Palomo17;Male
Salta;Victorino;Valentin;19496248;+54 9 21-5986-6054;Camino del Libertador 1304, Salta, Argentina;20/05/1999;victorino.valentin@gmail.com;<Valentin20;Male
La Rioja;Augusto;Lopez;84627863;+54 9 16-4695-9267;Ronda de Quirino Suarez 1697, La Rioja, Argentina;2/07/1995;augusto.lopez@gmail.com;[Lopez02;Male
Jujuy;Emigdio;Villegas;98730277;+54 9 22-5953-9520;Calle San Martín 4164, Jujuy, Argentina;15/05/1961;emigdio.villegas@gmail.com;*Villegas15;Male
Mendoza;Desiderio;Torrecilla;91995658;+54 9 18-5088-2441;Camino del Libertador 2821, Mendoza, Argentina;17/10/1978;desiderio.torrecilla@gmail.com;(Torrecilla17;Male
Neuquén;Jose;Pont;45494399;+54 9 21-5440-6464;Boulevard Juan Perón 2871, Neuquén, Argentina;31/12/1952;jose.pont@gmail.com;}Pont31;Male
Chubut;Zaida;Lastra;31503631;+54 9 13-5856-9252;Calle San Martín 3839, Chubut, Argentina;6/11/1953;zaida.lastra@gmail.com;)Lastra06;Female
La Rioja;Roberto;Crespo;94240318;+54 9 20-4699-4828;Boulevard Juan Perón 3279, La Rioja, Argentina;7/05/1971;roberto.crespo@gmail.com;/Crespo07;Male
Salta;Samuel;Cornejo;80917748;+54 9 18-4126-3457;Calle San Martín 4758, Salta, Argentina;22/07/1972;samuel.cornejo@gmail.com;^Cornejo22;Male
Jujuy;Demetrio;Melendez;17468367;+54 9 18-6957-9353;Calle San Martín 3188, Jujuy, Argentina;23/06/1982;demetrio.melendez@gmail.com;}Melendez23;Male
Chubut;Patricio;Palomo;87879634;+54 9 11-5203-5460;Boulevard Juan Perón 1886, Chubut, Argentina;29/12/1984;patricio.palomo@gmail.com;&Palomo29;Male
La Pampa;Maxima;Iniesta;20776549;+54 9 19-4668-8554;Boulevard Juan Perón 1985, La Pampa, Argentina;6/07/1977;maxima.iniesta@gmail.com;.Iniesta06;Female
Tucumán;Odalys;Escobar;18071812;+54 9 18-6966-1107;Camino del Libertador 2060, Tucumán, Argentina;29/02/1980;odalys.escobar@gmail.com;]Escobar29;Female
Mendoza;Flavia;Morata;36871674;+54 9 17-6900-4502;Calle San Martín 1011, Mendoza, Argentina;31/05/1983;flavia.morata@gmail.com;^Morata31;Female
Chubut;Selena;Oliver;96129683;+54 9 17-4504-4668;Boulevard Juan Perón 3144, Chubut, Argentina;14/02/1953;selena.oliver@gmail.com;(Oliver14;Female
Mendoza;Juan;Beltran;39641079;+54 9 11-4044-8790;Boulevard Juan Perón 1014, Mendoza, Argentina;7/09/1996;juan.beltran@gmail.com;|Beltran07;Male
Santiago del Estero;Victoriano;Plaza;92719294;+54 9 21-4961-8270;Calle San Martín 2051, Santiago del Estero, Argentina;6/09/1986;victoriano.plaza@gmail.com;/Plaza06;Male
Misiones;Cristian;Adan;98930639;+54 9 17-6423-3187;Calle San Martín 615, Misiones, Argentina;21/04/1983;cristian.adan@gmail.com;%Adan21;Male
Buenos Aires;Elvira;Alberdi;45356619;+54 9 13-6838-1354;Avenida Corrientes 4194, Buenos Aires, Argentina;26/12/1999;elvira.alberdi@gmail.com;+Alberdi26;Female
Entre Ríos;Leandra;Sevilla;19956377;+54 9 20-5802-3313;Boulevard Juan Perón 3851, Entre Ríos, Argentina;24/09/1993;leandra.sevilla@gmail.com;`Sevilla24;Female
Chubut;Severino;Haro;27746607;+54 9 21-4663-4149;Ronda de Quirino Suarez 4671, Chubut, Argentina;12/01/1983;severino.haro@gmail.com;%Haro12;Male
Jujuy;Primitivo;Barrera;27639746;+54 9 13-6641-6750;Avenida Corrientes 1893, Jujuy, Argentina;12/02/1989;primitivo.barrera@gmail.com;{Barrera12;Male
Río Negro;Octavia;Aragones;98555331;+54 9 20-5726-2644;Avenida Corrientes 2362, Río Negro, Argentina;17/03/1968;octavia.aragones@gmail.com;?Aragones17;Female
Neuquén;Dorita;Luque;68410293;+54 9 13-6125-8515;Avenida Corrientes 4595, Neuquén, Argentina;24/12/1999;dorita.luque@gmail.com;]Luque24;Female
Santiago del Estero;Socorro;Hoz;12657364;+54 9 21-4738-2576;Camino del Libertador 3895, Santiago del Estero, Argentina;28/10/1994;socorro.hoz@gmail.com;:Hoz28;Female
Santa Fe;Eulalia;Alonso;78068782;+54 9 14-6984-3638;Calle San Martín 1360, Santa Fe, Argentina;24/04/1980;eulalia.alonso@gmail.com;#Alonso24;Female
Neuquén;Asdrubal;Hernandez;65212721;+54 9 18-6078-1232;Ronda de Quirino Suarez 3618, Neuquén, Argentina;25/06/1966;asdrubal.hernandez@gmail.com;}Hernandez25;Female
Neuquén;Ani;Martinez;45999479;+54 9 20-5488-1454;Avenida Corrientes 1157, Neuquén, Argentina;6/10/1984;ani.martinez@gmail.com;#Martinez06;Female
Córdoba;Bartolome;Vara;48891609;+54 9 11-4542-6640;Avenida Corrientes 3419, Córdoba, Argentina;26/12/1959;bartolome.vara@gmail.com;>Vara26;Male
Tucumán;Patricia;Molina;75741857;+54 9 14-4079-7821;Camino del Libertador 2955, Tucumán, Argentina;28/11/1954;patricia.molina@gmail.com;.Molina28;Female
Mendoza;Jonatan;Andreu;72343702;+54 9 15-6318-4900;Ronda de Quirino Suarez 4797, Mendoza, Argentina;22/02/1953;jonatan.andreu@gmail.com;*Andreu22;Male
Santa Cruz;Loreto;Galindo;40707502;+54 9 13-5363-4257;Avenida Corrientes 4874, Santa Cruz, Argentina;17/04/1993;loreto.galindo@gmail.com;,Galindo17;Male
Río Negro;Candelario;Sola;68904232;+54 9 23-5383-5762;Boulevard Juan Perón 3878, Río Negro, Argentina;26/06/1953;candelario.sola@gmail.com;!Sola26;Male
La Rioja;Severiano;Rojas;31405473;+54 9 14-4281-4205;Avenida Corrientes 1578, La Rioja, Argentina;9/07/1974;severiano.rojas@gmail.com;|Rojas09;Male
Corrientes;Lucia;Arrieta;16391990;+54 9 11-4236-3158;Ronda de Quirino Suarez 3476, Corrientes, Argentina;8/09/1953;lucia.arrieta@gmail.com;]Arrieta08;Female
Buenos Aires;Merche;Guzman;53578109;+54 9 12-4827-4387;Camino del Libertador 3330, Buenos Aires, Argentina;17/07/1951;merche.guzman@gmail.com;$Guzman17;Female
Santa Fe;Salome;Alba;36639990;+54 9 13-5597-3418;Camino del Libertador 3594, Santa Fe, Argentina;30/04/1964;salome.alba@gmail.com;^Alba30;Female
San Luis;Baudelio;Reina;52641117;+54 9 20-4079-4881;Camino del Libertador 2894, San Luis, Argentina;13/09/1962;baudelio.reina@gmail.com;:Reina13;Male
Tierra del Fuego;Ricardo;Cerdan;58444473;+54 9 18-5797-7608;Avenida Corrientes 4824, Tierra del Fuego, Argentina;4/09/1968;ricardo.cerdan@gmail.com;)Cerdan04;Male
Santiago del Estero;Espiridion;Pelayo;94379141;+54 9 15-6122-7051;Ronda de Quirino Suarez 838, Santiago del Estero, Argentina;28/12/1974;espiridion.pelayo@gmail.com;]Pelayo28;Male
Tierra del Fuego;Joel;Espana;74566535;+54 9 14-6572-9330;Calle San Martín 2054, Tierra del Fuego, Argentina;17/07/1958;joel.espana@gmail.com;?Espana17;Male
Santa Cruz;Aristides;Domenech;19689411;+54 9 13-4077-5851;Ronda de Quirino Suarez 3122, Santa Cruz, Argentina;16/06/1990;aristides.domenech@gmail.com;>Domenech16;Female
Santa Cruz;Modesto;Ibanez;13621396;+54 9 12-4173-6434;Ronda de Quirino Suarez 3853, Santa Cruz, Argentina;16/03/1951;modesto.ibanez@gmail.com;`Ibanez16;Male
Santiago del Estero;Aaron;Montalban;10169827;+54 9 15-5526-7865;Avenida Corrientes 3778, Santiago del Estero, Argentina;24/04/1971;aaron.montalban@gmail.com;+Montalban24;Male
Salta;Maximiano;Canellas;21480930;+54 9 14-6384-7304;Calle San Martín 1816, Salta, Argentina;17/12/1979;maximiano.canellas@gmail.com;$Canellas17;Male
Río Negro;Salome;Roldan;34190175;+54 9 19-5798-6963;Ronda de Quirino Suarez 633, Río Negro, Argentina;10/06/1963;salome.roldan@gmail.com;(Roldan10;Female
Chaco;Candelas;Coronado;67365974;+54 9 19-4769-2445;Calle San Martín 1739, Chaco, Argentina;8/11/1985;candelas.coronado@gmail.com;%Coronado08;Female
Misiones;Malena;Carlos;82605130;+54 9 14-5593-7934;Boulevard Juan Perón 3621, Misiones, Argentina;26/04/1964;malena.carlos@gmail.com;`Carlos26;Female
Santa Fe;Gracia;Santos;74209416;+54 9 19-5934-1122;Avenida Corrientes 377, Santa Fe, Argentina;15/07/1969;gracia.santos@gmail.com;|Santos15;Female
Chaco;Anabel;Alcala;54211584;+54 9 16-4156-9202;Boulevard Juan Perón 270, Chaco, Argentina;23/05/1986;anabel.alcala@gmail.com;`Alcala23;Female
Misiones;Aaron;Cespedes;57106311;+54 9 19-4203-1698;Avenida Corrientes 3340, Misiones, Argentina;19/01/1969;aaron.cespedes@gmail.com;#Cespedes19;Male
Santiago del Estero;Lara;Linares;38253095;+54 9 13-4618-6453;Camino del Libertador 1827, Santiago del Estero, Argentina;30/11/1989;lara.linares@gmail.com;";Linares30";Female
Santa Cruz;Pascual;Casares;76298449;+54 9 22-4454-6317;Avenida Corrientes 2609, Santa Cruz, Argentina;30/07/1963;pascual.casares@gmail.com;[Casares30;Male
